feature_0,feature_1,feature_2,feature_3,feature_4,target
-0.4198599244954554,1.5175341540127725,0.8500187873264207,0.35158545242179506,-1.190759833347224,1
-1.1730182095186825,-1.488480908563292,1.3210647740562886,0.3601488847669876,0.7200427333705458,0
-1.6396722335864813,1.5821769004893909,1.2026434658111549,-0.9951203168336621,-1.1014374101509332,1
-1.0785570955088832,-0.6595193271217632,0.12251249672830987,-0.22957614926132636,-0.7227610518899067,0
0.3979743604764393,-1.2143244911678777,-0.6940700578682026,-0.458198493005953,-0.1522039259660623,0
0.9952854229637276,-1.0116631311232158,0.08557508974265715,0.3298192212131734,-1.570004027793842,1
0.38312785629181745,-1.1098272576743595,-1.491279145744682,1.5724737257802819,1.611523139411703,1
1.0753116505319749,-0.6582681788001469,-1.3767649623571085,0.6498975168349231,-0.20729850930657692,1
-1.2900393617208115,-0.016529466781341585,-1.5989217132279794,1.4345500298609708,-0.8350760474756054,1
0.5725927049230455,-0.6343673521414067,0.10605385419997242,0.17049448993186583,-1.0909515614629584,1
1.6308000059797794,0.926247537768297,1.5784640987963197,1.384027385617372,0.33870665245860776,1
1.4663790438568842,-1.3860762056818485,-1.03164554916855,-1.577670584596699,-0.6047279430735464,1
-0.37113998952962995,-0.7702902079780736,1.189636618839089,-0.491693693159865,-0.7583934513208025,0
0.15964411749670876,-1.2095076091955155,1.096466220543098,-1.47544964060945,1.6850919004777511,0
0.9507215675077221,-1.0148896221304708,-1.7002570866972468,1.107358514394227,0.7158364919316188,1
0.8017148712755136,0.9132402962076992,-1.4597090559196213,-0.4857242761187417,-1.329727997648699,1
1.2638413486183515,0.41493038528200465,-0.558026515227334,-1.5137686738897966,-0.65439014210952,1
-0.5899547728973389,0.7729324192420407,0.5185000084173081,1.3574829329522362,-0.09632207727400768,1
-1.2984619083470437,0.7178339463193992,0.9510898303831006,0.22127463237420616,0.9377373445407685,1
-0.008878181837460607,0.07626759803536008,-0.2187617476811994,-1.6467216550230206,-1.3573406631632627,1
-1.602298938378327,0.45908719590294106,-0.6160972809695956,0.037540237678652257,1.4105431047602635,1
-0.8514928946889697,-0.30208093169235317,0.9327162140437716,-0.9377442037184112,-1.464333480970584,1
-0.7120611248810691,-1.1411554056122903,1.5440567197531512,1.081767685741076,0.4615944809220402,0
1.2926420546671413,1.0223560701807775,-1.064689151055973,1.3761199317060162,0.1360230623417435,1
1.0720129439582615,1.3335862107921306,-0.603292771054246,-1.3516925033518452,-0.9418380057520909,1
-0.2386996710377896,1.070656380174874,1.3019481528196422,-1.7110974333180982,0.037048524193755546,1
-0.27211701904300245,-0.936114500030566,-1.2988556524523105,-0.5584091258008486,1.5328752357435116,0
-0.5967796513243174,0.06299185520244659,0.7483022480604169,-0.467723059607158,1.6328100642113323,1
1.6062031191753081,-0.8361829712072167,0.025946054679537908,-0.686473486106503,-0.7448738202370054,1
-1.5834902392062193,0.3686805885489458,0.045009859876159145,-1.55587804460022,-0.7663129729911942,1
1.4194815501201712,-0.8773362972286948,-1.2109896954355368,-0.029104692880824116,1.6808121122984299,1
-0.876433111467906,0.57939484166114,0.9540195728426004,-0.906930211877406,0.7897655745167315,1
-0.4431460493080429,0.44526464711565794,0.5043605740704251,0.13237310579257164,-1.4182645855947498,1
1.1680329630037922,-0.6038267071036939,-1.064870111770737,-1.5931907291728944,0.3144534758262749,1
0.6244311558525266,-1.6282217333618683,0.07805778506943281,-0.9457703150245585,0.5023301747744392,0
-1.109704396200764,0.6427129292061602,-0.36200986472633295,1.5300995958818409,-1.254785181542449,1
-0.5352182099932307,-1.301950351121768,1.5264900820494485,1.3230643893768372,-0.8379778087830059,0
0.5638453531898309,1.0679873430113416,0.22938734733024216,0.1110245297999852,-0.8936671970875238,1
-1.3897576213417473,1.3373729254958924,1.4412708405913655,0.4716533385585451,-0.5573105403437606,1
-0.5071547928638003,0.7606390302100526,1.4296588342670014,1.3570425884856396,0.9685715208432379,1
0.5019772634286928,-1.4007337701570297,-1.152245622932366,1.397019108822629,0.36822802432888446,0
-1.6789159742862425,-1.342368105079107,0.6095773418789262,-1.7176878616067668,-1.1741824336313824,0
0.18045143864307114,0.645937261473242,0.569064437977417,-0.9535317540284227,0.734256897074185,1
-0.8929963245212815,-0.5882696721116427,0.9009120630860177,0.5292817919501107,1.208602555453986,0
0.5556738132829729,0.22974816270392903,-1.3907976270416587,-0.45347860176349186,-0.8128464952905252,1
-0.8697668221062756,1.592618798523586,-0.3396747658313943,1.3743335590486858,0.45375427382335304,1
1.0284910231575344,0.008593378079324272,0.30557588162949667,-0.018420362853937652,-1.0549941435593488,1
0.7791246551226163,-0.7385562847472802,-1.6342813683816089,0.5147779678181549,-1.1177547889776605,1
1.5304249764442117,1.528358502625356,1.4919846238540697,-0.44496268469311473,-1.6772816347578239,1
1.4885876755097456,-0.24213368623659307,1.6737946771069423,1.623837847007344,1.2217070439160103,1
-0.695872671566527,-0.38723112405992355,1.2682687714379355,-0.6305453122820984,-1.1441224396932153,1
0.2082538022672178,1.468503604730416,0.7237668274369317,0.25189547947731983,-1.3944278398293295,1
0.4088449123348057,1.650013645994093,-1.2278781854677456,0.07155988631540636,1.3060358707161595,1
0.8422475260429404,0.663181156843867,0.7464245722479322,-0.48214966213958904,-0.7145831172913205,1
1.0786331518792516,1.044047793750923,1.3242107844125188,1.4482156382320126,0.03910830753877169,1
0.017729116353866425,1.0042488772746716,0.5620528250196384,0.7117175567998172,1.023664834250831,1
1.3565515244934359,-0.5458533191974333,-0.4011602894553973,-1.4077123215982108,0.27079727998853104,1
-1.5867458010731224,-0.11613907621578495,0.18530894826623062,-0.736452336836581,0.3142468987252007,0
-1.6055002641400413,-1.5583093331608922,1.1680928904409633,-0.4797112457902848,-1.2909914613920845,0
0.08915899550196502,0.9089405776565803,-0.9620037653260811,0.43605795148548393,-1.435371191591701,1
-1.5325040534901695,0.10530230119459494,0.17825456212645852,0.48674225516278113,0.782410344112873,1
1.6523990828061768,0.054605632853844,-0.5859052953172047,1.0366792369626785,-0.7933600008236591,1
-0.19781487238742487,-1.419873755124934,-1.630648788716962,1.6204509894117511,1.162764077042535,0
0.6878757038937576,-0.3068965147802962,-1.111293568818174,-1.1899944097710122,-0.8646251183850274,1
0.18215000016974026,0.7223840179468326,0.5979772881604305,-0.7594855159974684,1.5742566030267375,1
0.8323509851882842,0.18275494340367338,0.42780030816695236,-0.27261055264526957,-0.8733194889830642,1
-0.4838475843277013,0.8680329595723413,-1.6691141793568733,-1.3307043430366168,-1.5715538788892063,1
-1.5702503253574127,1.1967585789124806,0.750545105163794,-0.0823669059418297,-1.3921514833399287,1
-0.016390001466058304,-0.0896234979235665,-1.1116181146666206,-0.22292965260781264,-0.35145225962789567,1
0.4117496404422604,0.4546528854875316,-1.5606029423841878,-0.42943638031806286,0.4354832816697263,1
0.023311883683334506,1.200224696085274,0.592698398166639,-1.1673445877059654,-1.486524185166058,1
0.503313132435043,-1.594803506320598,0.33671993037562603,1.5423014444356598,0.2610851102717869,0
-0.3728884805233304,0.4822488372285809,-0.11094786710783412,0.16668259379257755,1.5278740770746135,1
-0.38001283077759485,1.5528139038455455,1.4585866559691874,-1.0528064079975754,-1.4907034723036694,1
-1.3633070051167353,-1.6227191007554513,-1.388100889434116,0.6456228098647818,-1.4843785460246122,0
-0.6113479031704686,1.1611117090371197,-1.637946433156756,1.103897114273431,-0.755208173996533,1
-1.3033880118937622,0.6622430280649585,0.4882584099524611,1.323526841421212,0.8134914612113896,1
1.0583685467933286,-0.7343056773138287,-1.0967417807681379,0.8813035977407022,1.0618843159855447,1
1.702896898944986,-0.2945551947273006,-0.41367473751169764,0.9712359164761349,-0.551171132030562,1
1.496992212517586,1.206700272635882,-0.2136609664622836,0.8821971134752999,0.8808885410286226,1
-1.3552226075174398,1.3553462593346026,0.05404359003006095,1.145690600127436,-0.6230059250686864,1
1.375567428250566,-0.3734106986665889,-1.6815969287024735,1.4208207143748046,-1.4148140315585078,1
-0.6101830524591884,1.5153373418797706,1.6174594007539305,0.26366668736681936,0.45617226264878374,1
-0.16516494525422576,-0.6966688100919106,-0.5658671342938607,0.6090606324570359,0.8733833350393627,1
1.0173519140828073,0.9750281686428985,-1.3994638629698954,-0.011787878879829704,-1.5315551424762675,1
0.18319151143392223,-0.19718862824588193,1.3966388451599518,-0.5120460023528602,-1.3255815565689713,1
-1.217828974176726,0.8803735682417707,0.4506091087794121,-1.3828197808488196,-1.4396654353413971,1
0.7050893629546979,-1.439046713271436,1.165493363917517,0.7266213870733214,-1.4492116803665323,0
-1.418240893154677,1.6385157757854896,-0.40576660993477404,-0.4432773935720067,1.0825301403562841,1
1.5538248506185004,1.6363655195226903,0.9250880719087065,-0.42369505495141374,-1.4417632687848703,1
0.9676154897579186,0.196394350990151,-0.23041311332989145,1.4242105220393926,-1.3458975440220757,1
-0.012911966131173201,-1.6458483246588849,-0.0744115051211246,-1.5390597969749347,-1.3195212358596102,0
-1.3055887080276924,0.5021919927125313,0.8993445362111726,0.2982856328073906,1.5995489615171987,1
-0.4187210811695932,-0.7219213153620511,1.3295706422606095,-0.9558794675110619,1.6031832539245914,0
-1.668724015696989,1.5820724194495641,-1.568129787555351,1.3711841703940892,0.09573006742813571,1
1.7113734314871913,-1.4355661114369516,0.22466037002645914,1.6436471935761459,0.07979696774003552,1
0.45844101873142035,0.6589142439383915,-0.12397821359912616,0.45232917685817864,0.2916831183369659,1
1.3949861800926808,-1.5310379363078073,-0.73332251613242,1.5777931623171997,1.3506539847064738,1
-0.14031338903528157,0.40427017832897705,-0.7458971332482337,-1.0795438702602596,-0.12579997354198602,1
-0.49287825853169126,0.28143229374257694,-1.446755380374258,1.661398806916011,1.682751423301859,1
0.6954143582033399,0.1212705243929045,-0.6330472325251312,1.1015494288848093,0.639252046030583,1
-1.1501958338805178,1.3835474016550484,1.1678706138291541,1.5756612322085075,0.7811233597168192,1
0.40335840897980824,-0.2756112852971854,1.5546964375564394,1.2837582263938894,-1.5742674100265333,1
-1.619744479829948,-0.4163081226049365,1.125801147441242,1.70630297525227,-1.2101489478714442,0
0.3368996634232948,-0.40139814810743085,1.6852374128284056,1.20028629472696,1.1708931390993782,1
-0.09538693884435856,-0.2871403473115291,-0.7598482311272864,-1.5388080353434934,1.26224851566454,1
1.090832299899654,1.682557449645661,1.779046408335352,0.20089730134828407,0.9308848626440042,1
1.5452683883566611,1.177182121554267,-0.8513281216236108,-0.16473980027971183,-1.2837266127746267,1
1.5772676539355714,0.3572654670350174,-0.9169929748161789,0.6062098879616642,0.40872193839289944,1
-0.47630020604143,-1.3016672345195386,0.6379120460387796,0.07845534526300725,0.9424142407003008,0
0.08199166891520122,1.185715966290497,0.2178238714461802,0.22009209355132378,1.303545600048702,1
-0.3201165751998768,-1.2327742834794855,-1.6186010046552797,0.8970690050432798,0.4162720239480226,0
0.7158093306554942,-0.966906569677562,-1.2409110381928923,-1.6846299259323723,-0.5173060936710613,1
0.32238060040143945,-0.3631652531763408,-0.1838888262667046,1.416556364876844,-0.5253780711787417,1
0.0607146068956644,0.9549400505595175,-0.32758090737419626,0.4332559971959599,1.2540845526457927,1
1.5616548434745157,-1.1887994303916374,1.5331389841742502,-0.019819642125152057,-0.8369298754897404,1
-0.12832394476478778,1.6162660914389861,0.009691015801461644,-0.589307418015663,0.46158443567321317,1
-0.883014213020195,-1.4286060977707253,-1.267210803724128,-1.2889658837837428,-1.2050061984692468,0
-1.2321808292660752,0.4741212452029181,-1.0811532841128122,-0.530339537990894,1.37323741594923,1
-0.07723054612395872,0.5639786538129866,-1.114714366923729,-1.0650147519715063,-1.5893240801811295,1
-1.1284221296127805,-0.7459044470683288,-1.0982479921059698,-1.426116282462391,-1.3132288203452396,0
-0.12266174907738044,-0.9892351899772015,-0.4408748435053927,0.019575462059314392,0.6588554359057166,0
-1.5751324693564634,1.008004481878196,0.484598868613857,-1.4503212656573707,1.2929022978070692,1
1.4629264922956189,-1.4783971703423595,-0.7476647898799983,1.0750777216569012,0.8591408045653542,1
-1.0747093475415128,-0.9790798660525428,-0.41910190346106996,-0.04628984331660756,0.4091598954140389,0
-0.4392500632687699,-0.12645502435710926,0.9043507090636582,-1.6074551895758988,-0.8570309526931015,1
0.7477552500116308,1.330607703754752,0.07659876644006992,0.11961020054617343,-1.3598307482514858,1
-0.16872543500969156,0.10955433903394464,-0.8684509065087026,-0.796753078956109,-0.4249021878863243,1
-1.6414411711807235,-0.599451867619695,-0.9773552329254128,-0.5936797502053226,-1.3162530597328768,0
1.3583502457960195,0.3148938283047789,0.6643429983398823,1.0157111553193796,-0.005542646784955405,1
-1.4110638652271406,0.12467238219542295,0.3404604920429529,0.8632626283098331,-0.23669481427408098,1
-1.270940123750653,-0.7284415792670669,-0.44504378354048973,0.516329043459613,0.24483146915137863,0
-0.4834200890492057,1.6380970841832694,0.4069271602360954,-0.9083620904508185,-1.3784853465100704,1
-1.183823452485479,-0.8557977319062947,-1.1555712584133628,-1.08496157286533,-0.7439923260486879,0
-1.1131259290049438,1.33585638705219,-1.4379822712197674,0.09310936514224168,-0.31029062756360987,1
1.674891028576351,-1.3067815613511762,-0.32297227052737404,1.6442324832557276,1.264964738705138,1
1.105206736117439,-0.8155715255604358,-1.1197423924097223,0.5955515950085417,1.486031521391534,1
0.20812157235660045,0.24087497332360783,-0.7367771802056561,0.9471127643282402,-1.0833738476531642,1
-0.5951381971149391,-0.25138684860459876,0.0623213596718185,-0.8902944070968674,-1.3333008312885757,1
0.39372566859804,-0.712093112396189,0.3207915502703662,-1.1972254959245838,-0.06542971444639084,1
0.12481428019914237,-1.509562281748917,-0.5379947401016226,-1.2667641733838342,-1.511423722127366,0
1.70101901537879,-0.5985268597819757,1.1234179251437835,-0.8476575247156948,0.6280775379624739,1
0.9093085400118995,0.32178488610252737,-0.06417649284843695,-0.2996588719120726,-0.5232570123185698,1
1.492759617718663,1.1131036582594167,1.6680799125169066,-1.3020335227095037,0.7989418146510919,1
1.5231254228945794,-1.0737639197207136,-1.4862076232220602,0.8482072446034907,0.25762016443755553,1
1.1905240255844833,-1.2133865632889043,1.0721396509568426,-1.0324615200712803,-1.1643251390433724,1
-1.144513488807388,1.0590717133802665,0.6155292165888335,0.08806874519586788,-0.4887751806803671,1
1.3124232417447497,-0.3624881575139778,1.147025983146062,-0.2045122593551749,-0.42607809470135727,1
-0.11611040604898795,-0.6691653496025906,0.9048367091932245,0.017146142155864998,-0.9270323504934814,1
1.3895292920725804,-0.39129414690466396,0.18849727273210934,1.4246209133346073,0.4298693944974444,1
-1.3077536503033422,1.4808874135289083,0.48392367253101926,-0.5678546156023474,-1.2487240693226371,1
1.0257818929783977,0.4040686553779504,0.15307016532974144,1.3807687951727985,0.9987594779277001,1
-1.187904682323332,-0.6343303365711096,-0.847322512919174,0.8580574109979408,-1.6147165165904531,0
0.2533595094759857,0.8835662264063557,1.3582391316350828,-0.542838678529505,1.1118045740062692,1
-1.3293487710484586,1.1664223352162932,-1.2720941117372477,-0.35039266936450725,1.02886605796428,1
-1.193961266544399,-0.9120578285161098,0.8158217424247534,0.7747082222445258,0.4883980554502589,0
0.6808944644501435,0.14359117663676177,-0.835703057739109,-0.530239454568295,-1.1022239830364253,1
1.4201179838146696,0.2805421819156086,-0.3124554667239891,-0.12478453029117849,1.548013528860603,1
-1.1821269980103486,0.29009953052430004,0.05627734073948021,0.396191323094786,-1.6680969467239577,1
1.2949280033223547,1.454910351821004,0.2642548918054388,0.6931858437966623,1.4622297889290956,1
0.7266955085364201,-1.1703936532219632,0.3034150859513903,0.3796705538164869,-0.26275421275339006,1
0.8273447128514904,1.4624831623519743,1.529561395467013,-0.1637106099817655,-1.3388346217682048,1
1.6833776514548264,1.1409828617254496,-1.2820147050047246,1.4747138046423325,1.2801570291110944,1
0.07742388477252568,0.3070910600609794,-0.31894536451505673,-1.5444339288345081,-0.570575992757791,1
1.0562061005593295,-1.6684839973892842,-0.5488952016628232,-0.3473201065377857,0.1292852374600913,0
1.4594224208864408,-0.517731114219021,-0.5016648928271634,0.8355900455063358,-0.16553685193351564,1
-0.936571361830975,-0.16045152868621826,-1.2251645546008643,-1.1204490897566717,-0.005800255225821924,1
-0.2668978893609542,1.396744036191789,-0.44746039891409706,0.2885931324191198,0.45765048313332746,1
-1.6654846223645992,0.5504397038900084,-1.094648040356575,1.614949757113368,-1.2162205644393531,1
-0.2817212450725126,-1.3966599849802603,1.7798798517597207,0.01531467315894973,0.3300017152285341,0
-1.479450190718012,0.8414773493217269,-0.9827698695647135,1.3952764652230547,-1.0207392491171827,1
-1.0534574796819491,-1.5609984249342672,-0.06245369428688379,0.23369847929512,-1.5033462856153166,0
0.9620350130009306,-0.15759137098932247,0.1212270857050441,-0.19883762983388956,-0.3436356030684941,1
0.2180378850426028,-1.1612971063443926,-1.080984618521625,1.2688442219492218,1.5439712005083766,0
-0.4241015525920089,-0.7723254406422939,0.5411148710254325,-0.31048894949737693,-1.6429122194970258,0
-1.1724734397973144,0.727018854096087,0.5935069013449354,-1.640876116468052,-0.9624775050800406,1
-0.9142743478890918,0.5785771777534876,-1.6504487037765718,-1.3724109405830793,1.037937051552646,1
-1.0953052462782398,0.5140991401686472,-0.8835029361939418,-1.3886807191307429,-0.8890986788208579,1
0.778486470609581,1.1975529400609417,1.1948404204502339,-0.35075437905000406,0.5816357768034974,1
-1.0041882022616164,-0.6968811078658558,1.4269401613173123,-1.6900079108482675,-1.4348137006669708,0
-0.9941873830801811,-1.594733146123823,-1.0827142233915208,0.2971450022400675,-0.2721208018643925,0
1.3657404448484356,1.0687327981244876,-0.5196942704414775,-0.830984802439394,-0.4165666240299277,1
0.32368070998025555,-0.781354060866984,0.4714293102115476,-0.30812725666176183,0.179998167466265,1
-0.20761902159370318,-0.6924425243655643,1.6098983557978803,0.9265902520171783,-1.2458127922544655,1
1.2823288190696265,-0.04261385607807508,1.420678871421485,1.0529555411225513,-0.25900624492898205,1
-1.6331767319254482,-0.779287307781228,0.18176187351372936,0.47296672933928824,-0.8381645170805775,0
-1.2303581135869741,1.1276207670980023,1.7360967055279637,0.09721862572387376,-1.1365542577445271,1
-0.772177587570951,-1.622150480003633,1.489999145114642,-1.3248533083855105,0.264692774066809,0
-0.7661539431561537,0.18216207902876916,0.5671657123836599,1.1571397706753392,-1.0163031892124808,1
-1.6727169758108267,-1.223107944919191,1.4398686950331774,1.3110402457203307,0.33702144550341234,0
0.35890778488752184,0.5554887415449357,-1.104002415729988,1.4522991046992582,-0.2813070765693916,1
-0.39022783250478177,0.06341982058199377,-1.554768650255565,-1.155670207948431,0.8237456972345366,1
-1.4252679141491982,0.3470868392004533,-0.858345573718136,-0.378251579921623,-0.7315367439895849,1
-0.484881322858031,0.7373697387627828,-0.6765980876052561,0.23914885038098826,-0.0830464915544197,1
0.5765520125278545,1.470776611319499,0.852048399095253,-0.9860523209078854,-1.6228480550947029,1
-0.8067890428645228,0.31989630772366284,-1.539112379664214,-0.005004341296124663,0.33504765036024975,1
-0.5587299735975079,0.9120342172777314,-1.345429793543729,-1.4734028827670627,0.7896700699999615,1
-0.0030343421232943077,0.6341749354847039,-0.19318315522894455,-0.8763772832846473,1.104345602322444,1
1.044359446753041,0.6553708036681072,-0.7642782468726079,0.32220615902938243,-0.48135627025472333,1
-1.3949982834912031,1.4050541541903954,-1.2393413015329473,1.5771861458533525,-0.18703878430984475,1
-1.0726005670427303,0.14081797904959714,1.3448297388542325,0.8171966973353681,1.0609373448200679,1
0.5597075367053911,0.6472215489486679,1.2614548301601272,-0.8649921224273324,-0.036753648397631844,1
-0.9482726243548911,1.6419791056643829,1.5944733546440033,-1.597890995753252,0.7113985627615713,1
1.4780069060769943,-1.0759788551480265,0.27412656925213785,1.456051256658963,-1.6132851335378193,1
0.6928591624742949,-0.6827329250162102,1.525445980371092,1.6497675808442265,1.5375714229617765,1
-0.07636010990614531,1.2189242882111968,1.2451441810682022,-0.6229511926443743,1.1383114946277204,1
-1.5830743228646238,0.3239103003064894,-0.9121975267559671,-1.3150374455188498,-1.4644259250106748,1
0.6889597835594399,-0.5395228984060836,0.8246478405354593,-1.5075008955623483,-0.6394789754772067,1
0.14859967301299876,0.9787494308977169,-0.6006633119741178,0.4465190633329811,1.3358188981760528,1
0.4117947520345096,-0.8995705334172093,-1.6339836252897173,1.2978241447596794,-1.6571620385411816,1
1.3038115687241554,0.09716115831358799,1.57695022212254,1.0492184886950153,1.7233290488386548,1
-0.5019777261933297,0.8994935953868017,-0.30866589819859297,-0.06249051440463353,0.44117895048358835,1
1.3002807050215157,1.6299078451904405,0.9773777008522567,-0.2790013507068082,-0.2723546041901498,1
0.8312667493310895,-0.8799789970606626,-1.3318236055167139,-0.4991229288011946,-0.7365719960087613,1
-0.6894653438852086,-0.8973874040179085,-1.571874511149267,-1.6730241247085882,1.687983621535599,0
-0.23640673910453067,-0.3898278109594548,0.6662560902767427,-0.974501458170802,1.5572822460798537,1
0.9993142479574797,-1.382983072502166,-0.2537271317080966,1.3292658072276167,1.5391827546291743,1
-0.0998382561424784,0.38163589699282946,-1.1332705817977005,1.7198721832350132,-0.9289048709152877,1
1.538258910092686,0.5036614305115472,0.4138146659439188,0.051894919662811775,-0.9323726721847352,1
-1.1022550162093057,-0.9415753902587508,-1.0651518228890953,0.9822917809011165,-0.51890623322026,0
-1.5112719873636735,1.5794585069026892,1.382883679448189,1.498803397253955,1.7128542776783577,1
-1.1113281898694787,-0.3497017127122854,0.9421500983243072,0.6909889521159348,-1.1981071693541294,1
1.1009370440265467,-0.9282587139270652,-0.9339317836766566,0.1365553842373882,0.32153864747496186,1
0.2884990675497343,-1.3759925090197802,1.3606797187294668,-0.8094531999443901,-1.2824961133936317,0
1.3522187112980424,1.5341605965863896,1.3068524340423142,1.0866330661841919,0.537182266632832,1
0.18776978693123023,-1.3911469293124894,-0.28576939706194043,-0.43614376683609984,-0.8317054643831014,0
0.7824605998417558,-0.014176110133444093,-1.4351300982980704,-0.9677758870844513,0.6341556550729499,1
-1.448246712165946,1.182433958372092,0.018567067856996262,-0.06001212478752808,0.31969673699267476,1
1.1314287343182168,-0.5128036095319741,0.660530015724661,0.2368039070060554,-0.806526570870113,1
1.3173494391164589,1.0013219108009626,0.5918495710905302,1.2297875581625424,1.271150271298311,1
0.7305702504702045,1.1346357674331067,0.7288277855201923,0.6356319545531481,0.4103942040978241,1
0.8834231510484336,-1.1499656363513062,1.3726501443621764,1.30390599195278,-1.6295485435273822,1
1.135342908829873,-1.2501017546269793,-0.5432093137365895,0.8565304205664592,-1.1743491119155578,1
1.1082909501172689,1.1182047846006606,0.06182060534812074,-1.7130714063167616,-0.7372672195577189,1
0.41546061038935544,1.6201509536119885,0.4983359192255206,-0.8296596113010667,0.4636779749609759,1
0.15030241137319234,0.9421175519585803,-1.3440874303924466,0.9176037454996228,0.14268369343649143,1
1.6080803111044597,-0.5327971380807623,0.5011736846229091,1.5137088743653142,-1.3759681261188106,1
1.5192933205277022,0.6324349883621234,-1.4815007802223512,-0.6861762805383274,0.720387166356656,1
-1.4785054962302613,0.2764292265834546,-0.5054216315440508,0.4291732659523765,-1.5724559118273471,1
1.292904712371642,1.5942299026194167,1.6815986352267844,0.8779468678670058,-1.2805186299504794,1
0.9025378571459847,-1.6012840784503792,-1.641977830435024,-0.6072302600528948,-0.03945956934048355,0
0.9443896326357087,0.6169765816676915,-0.15430312951072128,-0.7814724638593885,1.7205267763085388,1
-0.24189255575181232,-0.16399589057464442,-1.145241808988308,1.0353662524187495,0.6702339742895022,1
-0.9497883761285664,-1.4066570911696934,0.6692471002503768,0.5462875538147783,-0.7849585668460803,0
1.5662829180471054,-1.175381564399068,-0.20193319644357235,1.5541038892730243,-0.27799536995746094,1
0.48989582193238007,-0.3451474532057451,-0.757011293151222,1.694804499702737,-0.31396932693627805,1
1.3706599119411162,-0.9096897026550061,-0.9715394059120739,-1.6267993706828936,0.5248077224244092,1
-0.4405847736320336,1.2267222779821734,-0.05844133310875314,1.6397808543589176,-1.088628847280508,1
1.2828636465144312,0.9311777900539396,0.9866750044661572,1.209574037292207,0.9033213757393668,1
0.44748781068876875,-1.2421036917013961,-1.6054594546122822,1.4747345992685807,0.40360645151189384,0
1.03443917194212,-0.06251243497340929,-1.3078326149224992,-1.2989359803660483,0.6421391343280477,1
-0.2276782629085056,-1.0087974979704453,0.00609785805941999,-1.5115007343497315,0.2835736961314542,0
-0.7835981235629532,1.0017700665411307,-0.6301182766783545,-0.1484392594444982,-1.6905592957925866,1
-1.4609425240392604,-0.36232500115294447,-0.034819463383773244,0.35633359467907894,-0.7212608082292916,0
0.684455941566131,1.2124576588600744,1.0180207227456615,-1.5972216367923282,-0.06762122753450422,1
-1.3489976501792436,-0.8689741472508237,1.7440318730463353,-1.2385943492478906,-0.003999081947916678,0
0.4196953921194598,0.681531933048298,0.2450015803670032,-1.7012714122713606,-0.6008133352302731,1
0.07354200452671285,-1.3881843274169139,-0.4887682836041645,-1.6195867654746137,-1.458800353572342,0
-0.34272242769311784,-1.2371503817559817,0.2727069871489437,0.6681360205202824,1.0402582204840085,0
-1.0208474519306832,-1.1200699251130484,-1.352557547987298,0.4832574776787926,0.7145156147799121,0
-1.6017580211661577,1.4686971471976604,-1.537197509245029,0.1516215309868875,0.7234622569391017,1
1.2909483485259619,0.7206699459091033,1.094820157460009,-0.5520122590521587,1.0895410847012508,1
-1.4345169790696775,1.3292937316333788,0.20267797100358234,1.1137599839352526,-0.16518953648133847,1
0.5073053032205979,0.08862608962652178,0.8485990726493675,-1.4507711324810038,-1.521886720139446,1
-0.8590366742747423,-1.1468015326744985,1.3407495980780852,-0.9711545602027328,1.6469429905585988,0
-0.5495909143426766,-1.0707841084599903,1.0525903885693222,0.5609167274805518,-0.006395786878282835,0
0.203299118436111,0.7378946555659535,-0.9176531731951652,1.737878336204941,1.6432321949238378,1
0.5305604292758436,-1.0121054009843717,0.6682955466655739,-1.4836495090578812,-1.6246847137137752,1
-0.8225767570105874,-0.12615786608887558,1.3284240345461917,0.7995721671966121,0.8399198386205141,1
-0.24426345062598986,-0.5191152002319992,-0.4171126455567301,1.7076047641964056,-1.5919526475403298,1
1.2773783801153322,0.2646593223738885,-0.17988511640811697,0.7929090118461944,-0.04629295963625225,1
1.2994057897044817,1.349112704765731,-0.23919315106759342,-0.7703133509114654,0.3194978665721331,1
1.4336023363725487,-0.9746586714852041,0.4672787664485264,0.4662805999764798,0.8067142388389353,1
-1.25719868919818,0.726522928623266,1.4715118736101493,-1.1089588376283244,-0.9085816514384999,1
1.6370392882422822,-1.0746264050821772,1.2796723408512556,-0.019256433714264148,-0.8750498254370367,1
1.2901928575741397,-0.1844768020221669,0.08762141188032317,-0.4830482871840099,0.3215764326494554,1
-1.1470703338090393,-0.3670801061245056,1.6834748792540475,-0.8354817330743589,0.5423557571989553,0
-0.5899315377359889,0.9206583548720608,-1.2602110910542752,1.6454547127644514,-0.16009713299615075,1
-0.8971270584075028,-1.436575773823006,-1.1237081367421737,0.07659468950671966,-0.5643251817595372,0
1.1459111689520163,-0.2330298238467367,-0.8465321853932587,0.41602922912936935,0.7155591516309334,1
-1.134946376780184,-1.1196097975904018,-1.5909075832462094,0.8317581292636356,0.5668194735165933,0
-0.07492420705762483,1.1587380221322443,1.1086587749640895,0.3052074136330188,1.2745321983027293,1
-1.0012350778302817,-1.3071832569310107,-0.772687728457147,-1.5363282429091527,0.1077351693145435,0
1.5171470262383229,-1.5515898040619778,-1.2909761820554233,-0.1589708586540301,1.501603831329719,1
-0.6210646344467152,0.02407660354501536,-1.5737011291884253,-1.2182094672393058,1.6842030015269995,1
1.6154093817652975,-1.6674469210467264,1.6216882784096853,0.49263370616100627,1.2733104217764626,1
-0.1434732270331061,0.05223377212051485,-0.0035488651718632597,0.5893501485825975,-1.2474116212674904,1
-1.60731525558842,-0.6471006665216955,0.7541360025161787,-1.0316732257449648,0.6001441646107528,0
1.6319283647257892,-1.367863553953171,0.6415240740297995,-0.18842332874771844,1.2740856052170013,1
-1.100112297381678,0.6483981438390746,1.2225572725224958,1.557583951438067,0.634118497159443,1
0.0027672053262558765,0.39657402871832625,1.3306443493045794,0.2538078122638258,-1.6256034794233103,1
1.4976517171209343,0.637961301891974,0.6552545601079216,-0.983490906200882,0.5497933337700432,1
-0.3532639975591358,0.509003534520085,-1.3454481282487114,0.5579101618937504,1.7284503828278588,1
-1.544461374957681,1.6066401995118702,-0.29119399805543106,1.3001059921731137,0.9772590711559753,1
0.24345703136684038,0.8027121302642727,1.3643822333811384,-0.32650306625549197,-0.5988340018422332,1
0.5900688834241128,1.0364119403931538,0.9563558756887537,1.0458385176612734,-0.2231136285007693,1
1.1078332634649066,-1.2792678272292493,0.1917839277155253,-1.715257858834241,-0.6073048546100387,1
-0.447700578776319,-0.3499351786792999,0.7217918579787396,-0.3808225426341792,-0.17773543604890932,1
-0.8919795373348095,-0.4271233944015425,-0.9218135104763264,-1.4801721817124036,0.3579118536993914,1
0.592203522737491,0.40210733699611795,-0.09254882342587405,-0.41140277296423633,1.2574417706506344,1
0.07826382742698396,-0.07039419367911556,-1.6296261028535517,-0.5457457197489045,-0.4148248809201676,1
-0.3361762986085916,0.2697004735530473,0.15356674155658467,0.3838190446162727,0.9166793171786131,1
1.0911242974970854,0.7342620283008009,1.6347189226188896,-1.671773881290817,-1.0531423764336483,1
-1.6845477219986331,0.49634724237150923,1.4328895044010184,-0.8865554583336881,1.477927172277601,1
-1.5029158674321295,1.4627155666626874,-0.48527268681075686,-1.3817804245916947,-0.049052215144029375,1
-0.8257001464407983,-0.7247473448973158,-0.6409024969470397,1.064008369460797,0.13539669447723113,0
-0.6377733535329242,0.37127177916546905,0.7944010720581366,-0.7849677467027111,-0.299379783774197,1
-1.2905636762707255,-1.0740458430909683,0.6714185237095929,-1.1028400912888987,0.08694633830928672,0
0.7329250074081604,-1.3241649954490249,0.2719043874249687,-0.8409570009859602,1.6021598830548043,1
-0.044201860504025976,1.0301704736767405,0.2119251981858632,-1.5839968074515547,0.4607209247888087,1
1.5681431236467889,0.34189977480004113,1.1561161295427698,1.3470030713202532,-0.941337474902924,1
-0.979855945664104,0.37345130269585347,-0.276728970578676,1.1924162513135483,1.3844336024536472,1
-0.4926399473632431,-0.8863996015248652,1.020388644280462,-0.7773611934854193,1.116501552609766,0
-0.25031186182206305,0.5639522544943452,-1.3842661891636374,0.4394353496577411,-0.16709532660170878,1
0.3109762561916596,-1.1182796279293932,0.8671493129388275,1.2723701500731632,-0.980588073199434,0
-1.3807568015168714,-1.6044776673808956,0.5339954364682689,0.3809917084321838,0.16148122555608346,0
-0.9112682035378059,-0.3676712555558613,0.3672638854683599,-0.0036078127553594423,1.6882021325774978,1
-1.2404084267783573,0.6568797645817709,-0.30028334638796766,-0.24263259203627766,0.7530118912442811,1
0.6756827552343523,1.6540619739152078,-1.2689149120463927,-1.3724072196379549,0.7763444273984096,1
0.28264292138594355,-0.760821772071231,-1.440841136643122,-1.4367286289388945,1.3642466694451056,1
-1.049392293408786,-0.595099604731914,-0.923966234039621,-0.4978186516612641,-1.4904869985872256,0
0.07818803027016936,-1.4563912978251363,1.090005249098721,-0.9206143364519175,0.13834097406404428,0
1.322343374417821,0.5078059922507817,0.1513033140369756,-0.6047080273282806,-0.5781745971990178,1
0.5965945589274729,1.663771976325955,0.6037408653247547,0.20909534685641676,0.7981908423586975,1
-0.10740582790186384,-1.4815479465555337,0.2542978364893645,1.6029404040080943,-1.1240118380813808,0
0.6673040736050316,-1.0074202813725148,0.16137807699682574,-1.398319285293035,-0.17192981637420282,1
0.8953012334632837,-0.5136040308891483,0.6145269835095187,1.0375987228766599,1.4784230832996539,1
-0.9019806642254836,-0.3393500852567188,-1.1845867650043607,1.7244558289055492,1.47781095397196,1
0.15020505733639053,1.1515409596310549,0.1091780408221225,0.4384814547392758,-1.422298123937845,1
0.8922240662147465,-1.2539959823946374,1.18026402170274,0.9908101971048439,0.7223691156908937,1
-1.5859941552365246,-0.6632704429687988,-0.7959870313452135,-0.47990030480349755,-1.4274266231341048,0
1.5183605495630326,0.18089666697393028,-0.6471008178305142,-0.3514585929138329,-0.1828964598998335,1
0.3591747743725784,0.052514626234392923,1.5078786823498973,-0.0029223831441012272,1.7033364760816683,1
1.2235946674278584,-0.9819046315943168,1.5472076079290722,-1.3296803075271768,1.0986254911974134,1
-0.3988959087364998,1.272575634355717,1.3276664159620932,1.0741160076554739,1.0037202434998325,1
-0.6606168926361553,-1.4115797095777485,-0.30498245787557066,-1.1304276390456116,0.6746258402727273,0
-0.5178720429878577,1.6013733432718573,0.53048696645197,1.1318271548233967,-1.2720785791202716,1
1.2600885990681987,1.4233860230631414,-0.009813910633946564,0.37805964739234077,0.9164250507595008,1
-1.1080770926509935,0.00835422307807879,-0.32013779583559376,-1.2250741109341268,-0.45864858205170933,1
-1.4756737021810364,-1.5971588115395872,-1.2451418394113922,1.6220778905354187,0.17128394206120637,0
1.6178336826140483,-0.22760680801241104,-0.6250134052227138,0.0290733645646102,-0.20951650280283027,1
-1.3464663744855179,0.47395815239183225,-0.9612414436900092,0.42454539404598135,0.5197344385539989,1
-1.1866985936880392,-1.4774823061457496,1.0212173697836717,-0.13247246417282124,-1.529460956950562,0
1.7179265093943263,-1.4895014609520203,0.72027540186322,1.693763155141099,-0.9029163316920483,1
-1.2203871563832025,-1.275307930718388,-0.6549964941270149,-1.3830877319200676,0.6649697980538747,0
-1.4959392934460738,0.0314426008046228,1.779257096951897,1.1021603480663118,0.39865381572385317,1
-0.6551908674201685,0.4169432262739859,0.13053409164158628,-0.2500097538862802,-1.2783583304673147,1
1.3448304618071771,-0.16939203586192222,-1.0364210534529088,-0.4533267944725162,-0.2973699993076322,1
1.141274369481095,0.7864304048422783,0.980998705686824,-1.6968776102136185,-0.29036355750264536,1
-0.051788717771803716,-1.6194510181566089,-0.8075694229740537,0.915030807595896,-1.2562085848904847,0
0.1341904329668288,-0.9593708759835095,-1.677092530959418,-0.8945064419480091,1.6469724081275188,1
1.0516697021621393,1.5473788831065753,-0.007033159224149875,-1.3527931207504977,0.16584960044322128,1
-0.1447225578462729,1.1593665283315981,-1.3753240206920738,-0.03332840036374764,-1.2114234754508735,1
-0.5917033729770463,0.799034276866155,-0.04858308080054982,-0.4249894046658714,-0.36539579523908394,1
-0.12725212546272407,0.9595318655610054,1.4120165912089473,1.5949554005237936,0.9928967082238895,1
-0.623646581379913,0.633273463909812,-0.18343877364630015,-0.8475530590463246,1.1796946912722415,1
-1.5781851079988867,1.3526827826602716,-0.09962801500003976,0.48594596880271085,0.5514147681482185,1
1.3741700242747286,0.4599603142552638,0.43556846725234055,-1.502984098155905,0.06356427064555864,1
-1.1930942866408514,0.7992925419087041,0.07851015630780082,0.6359352617137333,-1.5865402424626884,1
-1.418398379085345,0.7282014146973724,-1.4665907349546636,-1.48693220107519,-1.6888704244491706,1
1.5857121948611275,0.7995437330025846,-0.47955506859085023,-0.7016121976632109,-0.5203669870453568,1
0.9590227137322941,0.5431429393001452,-1.0695142952179264,-1.1283889607135242,-1.3902080233462306,1
0.5649435757771293,0.8900117163145046,-0.789198230610192,-1.6623185553898485,-1.4463634545517303,1
1.6248566630139005,-0.6891455924096753,0.9807117374347394,0.4422389374357008,-0.40878837013080116,1
-1.0017656174195526,-1.2753029509371003,0.43935763710203646,0.9650337110597756,0.4979394380366849,0
0.11693172190610411,-1.5428081951447117,1.6802327798480303,1.048977801533339,-0.7172476219144024,0
1.666591517018244,0.34280824809764043,0.3249495099509868,0.8724437004779879,1.0789658062522904,1
0.5517648069809491,-1.2527086778749121,-0.5321559868442035,1.499958505152679,-0.9533278359390941,0
-0.42803815448494614,-0.22902454827113433,-0.17711333291843379,0.40136922923152485,1.5334502682384994,1
-0.8811288048063451,-1.274915818938191,-1.0264232401362374,1.3564795171182824,0.5045385360636605,0
-0.7253107181896754,1.0636927848041906,1.3041928094809705,1.2156086727679523,1.4498632323597616,1
-0.8413306841204468,0.858589622549361,-0.10292074490855341,1.199866685161995,0.7907150971295146,1
0.9652049575935063,0.5256019210863236,-1.0967796039320363,0.1646263109581437,1.6774176034986077,1
1.5198432672807296,-1.5386912735463278,-1.1410608283466035,-1.2761272081319366,0.7820246775159224,1
1.107664789994224,-0.9650638077301864,0.056151012294674,1.195350497395678,0.8056361335108663,1
0.15806271975355643,0.30396679341587035,0.06495482167002374,-0.6980813420862512,0.22490737362929322,1
0.6634457137747626,1.2569116062950372,0.5140553094105801,0.9179301546454878,-1.176731362952088,1
-0.11997814816748638,-1.6526576775824782,-0.8536774756965149,0.7971063354061004,1.70213173767768,0
-1.3688206338364606,-0.3320141249196934,1.0890028653692418,-1.0240661576769972,0.19051267584884168,0
0.8157207889738215,0.39030428173090337,-1.0595825188493344,-0.4964651709376847,0.9821266434779948,1
0.19938062867306386,-1.6664715568906538,0.9518119793105019,-1.612237438864776,0.8503979798176765,0
-1.0128166485004244,1.5423168409195396,-0.4279882007852691,-0.5956519001196319,-1.2154406642633118,1
-0.6574288670991884,1.2681184303135793,1.7779844854713103,-0.45140887336360375,-0.17802269184309497,1
0.7778110315043514,1.3002621488526178,0.3622368527931578,-0.37047752721408467,-0.30258927466126784,1
0.6866486408131581,-1.67324496077498,0.45542296011706923,-0.4960871439788275,1.0181429530671822,0
-1.3901440401018565,0.29674188458244427,-0.03118941764725219,0.5038083566450632,-1.5063058190336107,1
0.28814610331420915,0.20676767016689412,0.2485521336079579,0.3684199376790238,0.6106508347994802,1
1.0635656996637133,-0.7754369364704564,1.17668956499704,0.0015822118858841209,-1.4640622243776282,1
-1.5088311860942594,-0.5585048134333689,1.0357346403071632,0.7316367084292287,0.9988209272381273,0
0.07201674835449394,-0.2016725871281591,-1.2020110611138577,-0.5912555872360139,-0.2285268623743504,1
-1.4052737117360918,-0.9411519371090715,0.38042458771895515,0.8291823278047931,1.7247599369642186,0
1.5051115489614504,0.47981400528803075,-0.24085317151158378,0.48237592347742353,0.9885640123041535,1
-1.3027974546309895,-0.303690752447727,1.2284794638867138,-0.3972943695973919,0.24861797254536794,1
0.31497697602668256,-1.0628421925838514,-0.44801666308655963,-0.5692292321018202,-1.6401073769944035,1
-1.6272407547522634,1.116732695141445,-0.761028677125914,0.07068529960032603,-0.696813942024331,1
1.5311854240694802,-0.810877333352324,-0.21133426160490065,1.3069970992352402,1.18337050634619,1
-1.069262931670339,1.0188916033764601,-0.1111795729699776,-0.05170746725405792,-1.2687720379551162,1
-1.4328398116222072,0.7673190782928863,0.023182053844653813,-0.2124749802246971,0.7942371080577896,1
0.9275219975833424,-1.1489450462305832,0.4225500228891343,-1.2634894150464802,0.8699240009031687,1
0.5534071039731513,1.5374040004083998,-1.47756566514077,-1.5364402650065343,-0.7540579973621298,1
-0.8087132815021839,-0.8523591834826801,1.4617599279881557,-0.8654167475104312,-0.7894921290474062,0
0.9064495567456203,-0.16954292539142252,1.006996251412081,-1.5074666744086513,-0.043170029436945985,1
-1.5947709447366878,-1.4730923942229088,1.4624019021619872,-1.2499244180782627,0.11206574036333118,0
-0.29388133861029014,-0.5143725083456974,1.4392182137447616,-1.6592563364947246,0.5667681034029062,1
1.6094671784572838,0.2023345582719062,1.569068330173897,-1.5531620114601807,-0.28122817996401767,1
-0.8140476752163488,0.7770233237664156,1.7251963011754474,-0.8410710669861555,0.5334877891369929,1
-1.0279212221481848,0.21971830231090433,-0.09100967176051929,1.6530691085489992,0.37549048653611705,1
-0.5061319606578037,-1.2998548216840318,-1.1886911819477453,-0.9498797586704567,-0.8621199853894036,0
1.2208070127298423,0.20588603593953378,0.11771884437897537,-1.3352492684701274,1.2463866556794712,1
0.7803728379039703,-1.456203391947874,0.7652092787025837,0.15943671108484717,-1.4479082903891192,0
-0.13120194169892224,-0.051823918058866845,-1.1376917203011792,1.5613625127868602,1.2112052884223137,1
0.5949933791285994,-0.12726040102110622,-0.27414148361981894,0.5339549999824751,0.15710085031373902,1
-1.4960037112228495,0.041816534219260466,1.1112335978289016,-0.134426522954234,-1.550945756153699,1
0.9990839880259349,-1.0059719024647857,-0.8117552457093248,-1.1611676688067858,-0.5878206051483986,1
0.8973282256700229,0.06499637250801739,-1.0004077172458905,1.3247750513979608,1.3136810444667526,1
1.2896019111466839,-0.8799147918737507,-0.1355688879640457,1.6983323508781414,0.9413553876771148,1
-1.6169859567150844,-1.4645003636976408,-0.0910135679749335,1.4342007467728328,0.13380631885815505,0
0.004965017590949905,-1.3288904770132761,0.5859809711338412,1.1305115313309082,-0.41404821306877554,0
0.9623253034889474,1.5638801111044462,-1.0043212700645943,0.08898976635620634,-0.7369216995266142,1
1.0217471500714117,0.26101544518123987,0.5080560962313907,1.046188897233079,-0.3602240000325205,1
1.4429992488453047,0.11094044214001851,-1.1651428006671232,0.6905654046386513,1.0149032794262185,1
-0.6189776940532505,1.202546366540818,1.4613691194554979,-0.7700460097818823,1.6734431527828335,1
-1.2256869081319237,-1.003776616162317,-1.0729220334395064,1.3811073788478374,0.5338960477750937,0
-1.1864248593575326,-0.20125359006973703,0.4403583284489139,-1.4443774665006566,1.3234920343361858,1
1.0587910719544773,0.017247010822411278,1.6754509154701638,-0.2790215795355587,1.6754813033800198,1
0.5911944676015659,0.4532304904510683,-1.137058584469115,1.3390595265766467,-0.25112778073022973,1
-1.1515175785511171,-1.6416257858338419,0.24537720388815515,0.10317771715334983,0.7590893689744773,0
1.3574224252824356,-1.4166738590727024,0.8482724863110398,-1.0820161893850346,1.2395934464236646,1
1.112069705396275,0.1370894079490984,0.7736615029556637,-0.6395109039524284,-0.09994610795412935,1
1.1209381766877773,-0.13746542687221502,-0.4635933494088528,-0.012512468039365279,1.1360055276307581,1
-0.5554072688549501,-1.0989247848046084,0.7798793683079049,1.1440199272010994,-1.3824484695151602,0
-0.8839498850789466,-1.2059791659661196,-0.4981957874401657,-0.16541314172304436,0.8611021160705378,0
0.5333928802384934,0.4069506786226971,-0.4826318838818963,1.1979459049280152,-0.09953328870894541,1
1.6636091798550503,0.4514485803456245,-1.2763906797512397,0.621816242183446,-0.6055112794238233,1
0.6546298956481144,-1.4495598547512647,-1.1057220017940006,1.2477596874853247,-0.9444533533953974,0
1.1740246797768294,-0.7435951235078233,0.5371914250790285,0.684469994101537,0.043650707773341575,1
-0.6584404691437685,-0.9679834752189687,-1.6031313816894313,-0.6757781477298433,0.5299856477415578,0
1.5230026048843452,1.2497775884475664,0.9696242900471134,1.0131876627988188,0.5709050620058094,1
-0.8136028820805071,1.3709790342719999,0.6349601278681748,0.21835836896865438,-1.3466175315531683,1
-0.16995512901127893,-0.1337844006471294,1.3154039732373335,0.1702781522888068,-0.4141155641376116,1
1.6556669666332857,-1.3112210862980012,-0.23628821121640814,-1.5888348665220462,0.8302200002929155,1
1.4532913573409076,-0.7410315748691455,1.2935619081008298,-0.7166624427803254,1.4216319029735724,1
0.8877146166945556,1.0265140345532004,-1.6564305249968925,1.6210155191093676,0.7844166927385906,1
-0.6603689147546258,1.1089792250355166,-0.7313636288230125,1.3070793305556458,-1.3411109386212747,1
0.7144522377471173,0.1367685494698518,-1.3807586555268705,-0.8920928442222562,-1.6878474106451224,1
-0.09512914134049125,-0.6695445854851136,0.3808886409047035,-0.6991642428432926,-0.6926827962009238,1
0.8506031884917749,-1.5219573766627439,1.449966119721633,1.2356515011366693,0.5806650546806074,0
0.33376654027627983,1.320827076130045,-1.069041741623454,-1.4600467258754453,-0.9017738882968185,1
1.0276879660785723,-1.567327479174314,0.3262981610418419,1.7347534945503753,1.231006199571326,0
0.0864103827681323,-1.4697662049876536,1.1988903026339142,0.3527010530619463,-1.3329679538210615,0
-1.3871573825505747,1.3791683040347704,0.6295818772774254,1.1555536295712339,1.3115940611999308,1
0.25984761260852585,0.05846490373288496,-0.20862908247019618,-0.6304596174440082,-0.22653111788419616,1
0.9563557613366083,0.34294915274695575,1.4135562979778467,-0.1897138596995563,0.37051425295296964,1
0.46501957773630304,0.3085112626195779,0.746950055113611,-0.907641617596136,0.042643565383255755,1
-1.351428536402594,-0.3892058826259924,-0.007689535140496683,0.5383152507213805,1.559254709961806,0
0.3593702899568417,0.8200373988322868,0.05760213357270525,0.4751483026252022,-1.4852661251440173,1
-0.833919358539199,-0.46550954824764007,-0.06095678437989223,-1.5762013908087729,-1.2461211151678258,1
-0.7566454958311558,1.587641957567536,-0.5564503651797312,-0.054941818198514375,-1.0520357177618904,1
0.3942771639951622,-0.7388564951262251,-0.9929959936184887,0.06543491716045101,-1.7117240072906883,1
-1.6841991094500897,-0.9463486135883352,-1.5907322846755596,-1.3587557146483977,-0.5578959838876633,0
1.055283307074113,0.2423430877371519,0.0800751531376356,-0.7122331681981882,1.4942614657190338,1
-0.34240618432191694,-1.3907899414863005,0.4465666078341159,-1.3384929075558143,-0.5358737356667898,0
0.03804685863488683,1.2599411208455917,0.012950462692973385,0.712735078370878,1.7056168382725223,1
-1.2574694430076767,-0.7588993525952084,-0.33448502194284196,-0.26484336045405327,-0.3081299415742178,0
1.4172246716041987,0.720487127256919,0.41440590078344475,-0.6568620580857454,1.120572222558276,1
1.5807465682390047,1.0813771620129415,-1.7141481582031102,0.483156804495671,-1.5537881299377367,1
-0.8228375269148035,-1.483627913027468,0.3999786039076129,0.6581136030879746,-1.3345094573782665,0
-0.3878142491598573,-0.14766480995516218,-0.42408358064701696,-1.3134404618767679,-0.28069351517887164,1
0.8781208107995789,-1.4449579865648692,-1.4381708956740467,-0.4986030483736349,1.5287771298149153,0
0.5934436421031931,0.6014000592807084,-0.4491240516653404,0.3341635408068675,-1.6957143446861516,1
0.48152182458759163,1.3914941184950005,0.43079378506676874,1.3103727339290263,0.7750784309504106,1
-1.295139155662345,1.3550108493159996,-1.4863916539520354,0.12607318309519094,-1.2388073806031261,1
-1.6702674576766765,-0.2628439941506927,-0.6839034561504442,-0.041139261955687206,0.2670582384272801,0
-1.5598762441654168,-1.2698579706776385,0.2414690145271609,-0.5390542714165009,0.7930784818522297,0
0.5373355863275245,1.1635668580354888,0.7113503111092955,-0.23659672987125702,0.5985318715695285,1
-0.7615844028759619,-0.6525441847369561,1.0500861865515096,-0.1791181837127721,1.0326214383274002,0
1.1236451070919533,1.2038364255194949,1.4982011689557087,-0.23292199667671382,-0.6270998443113682,1
0.29577936089620854,-0.4341258559405099,0.39042554186630574,0.7243333064422669,0.6519681843887299,1
-0.4198159224420468,-1.122165848265855,-0.20827126421682862,-1.2382506264434021,1.3500768239691259,0
-0.5186380219406875,-1.1639255067409586,-1.630308212790726,0.5159983796481181,0.4737039122291894,0
-0.5368110037368837,-1.4425864471251417,-0.28164217162697747,-0.6504311817969749,0.6129100083048894,0
0.37704318507724727,-0.4562802106040586,-0.9547316805264165,1.708951759463304,-0.15936306948784565,1
0.6613398391793747,-1.2107578522499793,-0.0149821289684414,-1.639339744939411,0.01873089368477869,1
1.611614086046837,-0.3902317002000231,-1.5827471364445296,-1.6274208948273245,-0.38785771064784097,1
-1.1591284706320866,-1.6054424475678066,0.9350418307993271,-0.13692552067621344,-0.72962946753161,0
1.3912820779606254,-1.2929742429578506,1.6361060351312628,-0.6408474181936853,1.3442156536934668,1
0.36726839291141855,1.0999294805973843,1.7347310614747744,-0.7299538027313898,1.5959594159382398,1
-0.36836713532242704,-0.38583634824906204,-0.5247151472666437,0.15200942431367911,-1.197244841819606,1
0.19760572132736526,0.14015747670190312,0.9550102250339583,1.1707635741829976,-0.20629870141931003,1
-0.668701367045155,-0.8107488986481703,-1.0364164024535736,-1.534373556867807,-0.5454793014862926,0
-0.7792755603256064,1.5704157025406777,0.2381917207934867,-0.5247279444601737,0.2783686491882406,1
-1.2309073485780302,-0.1887250375603129,0.47875014460473236,-0.03103916845634875,-0.34011986294691987,1
1.714418494978183,1.2804572846958426,0.4688211888710483,0.2495117279407401,0.41748667885396124,1
-1.0168434034139664,-0.35342046137676636,-1.581119950587058,-0.0775834001305696,0.14876860792944432,1
-0.9257332693656052,1.562372081187805,1.4729936194944948,0.7820521551933519,0.11540913293386498,1
1.287502242767864,-1.2440991033722064,1.0554384081763726,-1.3002082911259147,1.0181890960754016,1
-0.7602528004950091,1.2695995614447892,1.5944128131305,-1.2166311206272598,-0.12934015049457,1
1.6700965005919206,-0.05616424157233539,1.3118370046438257,0.31698015431491255,-0.431666374446536,1
-0.7257354098457451,-0.9997105104399805,0.9546464632104229,-0.38785585824937113,0.03887662231122801,0
-0.013944540192155885,0.2599568879248268,1.318961986886649,1.683515800545407,-0.320025832992914,1
1.1412089825818752,0.8905341388944644,0.2937281948377946,1.597439019424285,-1.0368864625183558,1
-1.3340615816936034,1.1917118496534684,-0.17800911673041236,1.2171931096629798,1.3604369655310493,1
-1.4953679241436622,1.2910651990602426,-0.14582054790215596,0.04403044775754153,0.43801898522293214,1
1.4819159273548848,-1.6197075692960867,-0.045685732358219794,0.662060194112899,0.7706961365750639,1
0.6760145589421446,-1.2313602288081407,-0.6686156681719805,-0.48485348652670573,1.053585834258129,0
-0.749940633664957,-0.9745146232478892,1.6414742496199366,-1.7044351660896904,1.7229370442789043,0
0.6218703902860996,1.1058629728407634,-0.6853824674866559,-1.6854295703853315,0.823177711753203,1
1.164042578749278,0.8095379768464859,-1.2181672005859316,0.8911102845348666,0.9306611507325812,1
0.5588706162890227,0.8958823385516114,1.2499607249524771,0.40368578075186345,-1.4240970039037268,1
-0.030133790199666357,-1.422591558202801,-0.2889645867641177,-0.3161630338252508,-1.5023037376002726,0
-0.5084955161985143,-1.310286561400845,1.1176633955304878,1.5682992124837558,-1.4804748435164705,0
1.5809350625407077,0.07574147914624428,-0.6680185695053181,-1.467392011405539,0.002010063256485092,1
1.0274717695963864,0.6970952773401007,-1.5433242789312382,-1.4811973711614106,-0.336331575549837,1
-0.6929723180155513,-0.9015074090785129,-0.7331774999740234,1.0656009285310837,1.4855194780823096,0
-0.31453427510234006,1.3673284694407408,-0.5910333273763199,-0.07447756064119163,-0.9484357386989416,1
0.49661629513392197,1.6127252038683972,0.3989171814318399,-0.48799590258770603,0.5114840170541156,1
-1.2869982584981656,1.3085575350085972,0.04643135611164288,-0.16890344419284534,0.29704972173112393,1
0.4425374438759516,-1.4423711995374673,0.6766820453156672,-0.8919608923021154,0.7403951353246182,0
1.124032534677679,1.0233206514617885,0.21990955717870941,0.0779749457800292,-1.2362500712830184,1
0.9614096385156553,-0.7700869783326346,0.02400445918589499,-0.7443556328781039,-1.26756616733885,1
0.45898917170754994,-1.5011146865423894,0.9084730695416826,-0.6282278601145407,-1.7303148056428814,0
0.0508571846600598,-1.5263046922846257,-0.7501505375916587,0.7291810116970829,-1.5137958931323916,0
1.181941934055709,-1.6712188191786381,-0.853168437458321,0.8474522029242391,-0.6360875911137425,0
-1.3594665728547881,-0.47096226534654406,-0.7704281109061187,1.2023534141326844,-0.6462021982269177,0
1.0082312197997272,1.3193778221470696,-0.19672847115490655,1.4367209019410627,-0.42478488279136445,1
1.6118243383447761,-1.3833921599992731,0.6921354042650815,-0.013901310442625202,-0.38902745922776655,1
0.46985920621820154,0.6862200274563754,-1.704325215222511,-1.153335570242817,0.737257219169578,1
0.5859059347531647,1.5691700955095214,0.9519770786828357,1.5790523846426343,0.7008947755280096,1
-0.6834548157660085,-1.329256795832625,1.0249464890938873,0.5101657425665658,-1.5639966649509445,0
-0.4697945936813151,1.5380276593997224,0.03701338171636726,-0.22684272332269395,-0.14656338313401424,1
-0.9907533227186868,-0.44242781823554805,-0.4214147820233798,-1.5528233791746184,0.9259706109459219,1
-0.27524127159584166,1.0846828036727132,1.265500147772741,-0.9963231787927588,0.5444907237821615,1
-0.0830196468184259,1.279925123734981,-0.9622858277214047,0.6275180619676858,0.37280748881202025,1
-0.6929344662716933,-1.2240667870312134,0.5679358171831306,0.839411423523909,-0.638312510105426,0
0.5116300070148194,-0.35344348105943935,0.7840669080082833,-1.0408698872069844,1.3504851400692715,1
-0.7201316996183501,-0.4455299861509386,-1.5157109319317625,-1.3466019535859828,0.054751488349917526,1
-0.7884253526852536,1.1294729048939112,-1.668061381749464,-0.41381414261200483,-0.5631401487836208,1
-1.6440036732168537,-1.2652608591935646,-0.2675518160075806,-0.017211105325489487,-0.3314288222993115,0
0.11912195638454809,0.3200772962243732,-1.6848049257942226,-0.11750105523043072,1.6041409897531467,1
0.0780932218134317,0.5976024632716436,-0.62484586742903,0.9627943019281863,0.9445016928683035,1
0.08589468419989378,1.6027325784850674,-1.2788990226795875,-1.676253092832074,0.9349372947566492,1
1.0710320857072704,-1.2792739772923607,-0.7873151847035215,-1.6741451195241783,-0.7155634622023007,1
0.953813195905665,0.060196438042811065,-0.4976545337178025,-0.4394527463335285,-1.7260957618226935,1
-0.677429707537821,0.4929258625018922,1.700262493894248,1.2175137259138693,-1.6491126907145917,1
1.3860349235891063,0.9534091455834052,1.0198642055256717,-0.13876350888401226,-0.35318095663807747,1
-0.6666940090819372,-1.46284934264046,-0.9184232980472419,-0.8756745014841395,-0.055264103195907376,0
0.8652538263758656,-0.08848505814503199,-1.516579788744552,1.6035139069482611,1.5322335705675683,1
0.9953322288096034,1.654304130181826,0.19176017865156764,1.620869083719832,-1.469092261664849,1
-0.4503913486119178,-0.9250908340021584,-1.0321713451228995,-1.2444947163352214,0.4235548285920489,0
0.9820032904559345,0.26338970975911924,-1.203730561769572,1.092237476837729,0.47042398602306695,1
-0.3729030238858159,0.5861123374452991,-0.8072472630794378,-0.531995644460766,1.44487662700577,1
-0.7094659322652064,-0.10135450988819728,1.4051937627871085,0.7317775965818464,-1.5154794345856821,1
-1.20297103056006,-1.6576754859688916,0.49520548148813054,-0.17474706848512994,-1.2660207563336272,0
1.590649686268622,0.0995945455954862,-0.8704771977808234,0.009766930883076503,0.6215620973081694,1
-1.4478732839661603,-0.7589926701291457,1.1132060526001568,-0.13294500195744985,0.16106493737863029,0
-0.21902785709064498,-1.536245705931765,-1.137778641367551,-0.18217845712913833,-1.006735594528649,0
-1.538371922615346,1.1569842315488759,1.7248292391144318,1.0295562396172966,1.2243911346839382,1
-0.8767024039560933,1.5509159689414151,-1.0283357067062067,1.581343038345604,1.7125478568407342,1
0.7421489923355571,1.6200080120524039,0.2797242259586582,-0.8305722363217349,-0.2182243526015238,1
0.3349360708801747,-1.4379739480989102,0.4650906082620855,1.6850443837183862,-1.0727688869218526,0
1.020853533304934,1.3733490204420282,1.5932174859766122,1.611691356002307,0.07412671169377213,1
1.6574162020052632,0.8662282563594146,-1.1520956470555124,-0.07286312816422699,0.7555504134226678,1
-0.8582196359548421,0.47324714906752624,0.62045534833198,-1.1681626914283718,0.22512653924709905,1
0.9485922859555892,-0.004006222973239311,-1.6771545188200212,-1.703824476402279,-0.4950093962079402,1
1.4812661811125454,-0.9139928989177963,0.5072882502488258,-0.9611780613193155,-0.6173973376793898,1
1.2119365274934033,0.770424452786433,-1.3847437447230817,-0.24088120914690547,-1.6298168583386934,1
-0.05335332329970933,0.5467240376579754,-1.303639557833219,-0.7282822663573504,-0.35376475865280316,1
1.4583038032044449,1.6607938614044375,-1.5619815516909228,0.917534098866953,-0.44414713177866233,1
-0.3581101524003788,0.8559731545652568,1.5044891550344646,1.5795958044877936,0.2667906805696667,1
-0.47988965645334647,0.9680604311962835,-0.8385032942833519,0.23102436033784637,-0.48964749658239726,1
0.5522902411024113,-0.8745175487396446,-1.0470563307412628,1.465640482019985,-1.3784119320325956,1
0.03303593419213938,-0.9403409193285963,-1.5829790020188304,-1.609771228154444,-1.1242927894795103,0
1.2764784261774251,-0.732809889700235,1.6169399304403218,0.2921974471639454,-0.21954550158727673,1
0.28850812021439143,0.055946058407152666,0.9440379656140415,-0.7505538184257984,-0.5087815874494986,1
1.3706430214676701,1.503195647893737,1.4136789460159151,-0.27314066192932385,0.970267390241202,1
-0.06904887669964888,-0.008572044529877197,-1.0011139063464618,0.3253422831767204,-1.0865161559122642,1
-0.5679630831968299,1.1953092270600563,-0.9927038123890352,-1.4872753710413884,-1.4919277487915898,1
1.5315482272146652,0.02301793152604724,-0.28240332800842105,1.091382750507047,1.1622303762587127,1
-0.5658045923328342,0.6517391485090654,0.9873805129322758,0.5467737539577281,-1.2060709470111202,1
1.3078829815681778,0.13136718980287337,-0.7280243476257492,-0.2529909677963905,-1.60073767668907,1
-1.2699527844251253,0.8939655654479716,-1.7196016087562884,-0.28318786416463115,0.07776291263352518,1
-1.5223283757189232,1.5928464753541567,-0.9258305561713505,-0.6748985681325509,-0.6787567575367531,1
-0.916542430306034,-1.6791195262729175,0.8407189668844683,1.6350819893937323,-0.9544428068419953,0
0.5744016564512836,0.8143206127170134,1.2587507923129095,-0.2620510174466656,-0.6822581916990542,1
-0.5895694430991637,0.7157344078416074,1.1476579671900817,-1.102227881377812,-0.4468575004625663,1
1.3976817734369469,1.0325310536458885,1.7376982708888375,0.893969973224749,-0.36982993851749013,1
0.32486239270760026,0.5419428752817522,-1.4442236836998623,0.16277887601253255,0.7243632543111619,1
-1.1339835137024785,0.944765563746853,0.3296891078667891,1.5841038570538772,-1.583946382027512,1
-0.7962363668064752,0.34170465372873765,-0.6785702958207062,0.7551435436154849,0.8963340997298479,1
-1.3573175868569538,0.04636889567172153,0.06681541459375506,-0.44802314070641674,1.4983150973671027,1
1.1411655523946735,0.6638332602378895,0.7879977936491824,-0.12579428178770452,1.4570210759570001,1
0.6831241156030493,0.7708272819497362,1.3053193534613134,-0.7799214661783083,1.0627017432190848,1
-1.0377672024906563,-0.5211123173961887,-0.5414835542448174,1.6757982520585057,1.233917569426627,0
0.705781125050808,0.7643470265162714,0.2535114101691626,1.5662168250272366,-0.013100122654643288,1
-0.3992597740748073,-1.135046428304806,1.040328738175128,0.8249322700390217,-0.4004280450782613,0
-1.6237888387564583,1.1413170657368241,-1.6795596760777352,0.7177584384666977,1.6275317352009355,1
-0.20232975198463313,-0.8927884401255025,0.7548038647786591,1.1131686624784796,0.16055673448098562,0
1.6220143522020964,-1.5100836358982885,0.05244008657951707,0.7691913308231377,1.2550424994570708,1
-1.0928551499321477,1.0100017423420142,0.22063309941977022,-0.35295002206763365,-1.2748809685964455,1
1.2713966313548735,-1.1544509210388982,-0.6321336509865563,-0.7242364496892346,1.2854100879207233,1
0.60767776738545,0.9988143203455122,-0.8403760889689339,0.4429728456959355,0.24818085657236053,1
1.1595134743058086,1.3672478437523068,-1.6769661642472067,0.6142947185486405,-1.551363801795812,1
0.18088178899926757,-0.7154533761469923,-0.64270466374864,-0.5049224119417477,0.4196740890607522,1
-0.559398284160749,0.7833479478999296,-0.2995509957564863,-1.4970538709765164,0.9820160838860398,1
-0.7258223614315055,-0.2267009217684414,0.6866050287732703,-0.5763934018610524,-1.5349233086037584,1
-0.4219933881039262,1.4964337594278965,0.5331630870101692,0.6054376164221383,0.45771232104029624,1
-1.024838548509842,-0.27530541437910516,0.9165281263469964,-1.381947511252812,-0.7690601345376519,1
-0.7583520663466136,-0.22921971818322545,1.7219373344922568,-1.500019241663267,0.0645783246059491,1
-1.0924792693225531,1.584758809744784,-1.3218910398198647,-0.328383128319029,0.8232312445555104,1
0.7174451176946482,-0.26050561722499965,-0.5031710144386103,-0.34925941562413115,-0.8160519844284976,1
-1.0029866974731083,-0.0574026341343146,-0.7769559832104438,-0.7332437864220045,0.5424229019632003,1
1.6271907834040367,0.34872042758324895,-1.4494064007047902,-1.4718487161191183,1.5623427368457472,1
-0.6860788380712098,-1.3740388055497408,0.3833007121901517,0.43870138689901955,0.5138631980716071,0
-0.789082372443478,-1.6331961525552394,1.6680393971471097,-0.8607216553418592,0.6091221718957078,0
0.7245975665932419,0.3701727111926427,-0.6211825382387322,-0.7902934585328096,0.3379046918373011,1
1.274153183138495,1.5041291972267,-1.3478606315062507,-1.1956013821563645,1.5391974182310577,1
0.8276582946116934,1.2894792719792285,-1.008301557289894,0.3129864254301367,0.6960458708569084,1
0.6332105068082803,-0.3095948089891788,-1.6655987586877392,0.2967423557858151,-0.8547306167444865,1
-0.15893166671121967,1.5406584201143352,-0.3188308740230065,1.1922081509035192,-1.0781928347657739,1
0.6068420698870249,1.6060770380073766,-1.3619472081035742,-1.7063292543746453,-0.23003795719092102,1
-1.3914024541347203,0.8361696194126181,1.490876267932119,-0.22233939255199248,-0.835312588105548,1
-0.21355759914508443,0.7521935800924227,-1.6878578614857982,0.31949866883834926,0.3919813589442342,1
0.48700891284704195,-0.8690513859186834,0.7870362256274291,-1.4167426186136247,-1.0410544401125863,1
1.313352020721199,0.8036346531017098,-1.671388750743021,-0.8694951457348038,-0.9886642918393274,1
-0.7773503727952956,-0.8504027100910568,-1.5001441896641556,-0.13547009263675724,0.8054005255677598,0
0.3803256334166796,0.5818737967384332,-1.434768648481713,1.5815553345382571,1.1714577715434658,1
1.063914867550805,1.0873900714263915,1.5546333356280082,0.16193180469232818,-1.0375527470956611,1
0.4149667294390403,0.8176382512277429,0.8708130357015517,0.0824339876204551,-1.493827542271551,1
-0.4316707746937395,1.416682556932853,0.3320626563491237,0.14128768768657618,-0.8002089249107873,1
-0.4408515938390501,1.3310766457336596,0.619972895637569,1.0094914092662008,-0.15817308160055574,1
0.46136542469842345,-0.8476283591239119,0.7568744259170707,-0.2447181948532926,-0.1990156396389587,1
0.5271026143615155,1.4689274069885183,-1.4949484781622864,1.1397148144947438,-0.7187668602033368,1
-0.1807628124192014,-1.6102876281831449,-0.6628216327891367,0.016835374925203164,-1.536340967582304,0
-0.01818254302900788,1.4380466227081958,-1.349660063252257,0.929500823938636,-0.3128027192090433,1
0.5472678469164203,-0.8077123396234429,-1.159745625915454,-1.1759613043404435,-1.486790016065938,1
-1.0708299768279308,0.5527364446145926,1.3755282331588403,1.1027021271041861,0.6406474093725131,1
-1.330037581149073,-0.7102177243723854,-0.6320668950113119,-0.8639848888360655,0.0517878081433152,0
0.13503022197781397,-0.48223677006983706,-0.477667298959098,1.1530046682047006,1.0011672592276541,1
-0.6498760547674178,1.3931829528947137,1.6252101180815308,-0.5963110114117577,-0.5040238867353213,1
0.03192020253344375,1.485227190695525,1.3566727359582187,-1.3777815255905932,-0.3714375478708769,1
0.19643298456923106,0.0102616134279613,-1.0390870775833656,1.2584948387992492,0.6122874772554995,1
1.1770134209482304,1.2078840734912037,0.9074572008160885,-0.20424839537330142,0.3824804412079454,1
-1.157955134063536,0.5844794664665752,-1.090374753588692,0.6837693692203197,-0.936081935489788,1
-1.3055023683546083,-1.127472200267362,-1.712649071328911,0.7701871756565799,0.8042499134791267,0
0.06396736765227977,-1.1406788450130945,-1.4263253493787245,-1.6686490957764124,-1.1570833714967181,0
1.359481485247115,-0.8706854699644258,-0.4759746488081093,-1.3680991098995183,-0.9611305803688284,1
0.07875589952307673,0.36257968939625224,-0.8583343243892203,-1.5340787221357362,-0.37731433282400095,1
-0.903492562764038,-0.9447149476332252,1.6499513361895375,0.4130853075619474,0.19672042559563818,0
-0.27775470456388685,-0.23957369371756584,0.17920198239995144,0.6924153811303022,0.6995296358019724,1
-1.1189145178978532,9.243003452095056e-05,-0.27346552565383847,1.2993164708035962,0.4547244486408897,1
0.12452008890575272,-1.295480801603811,0.40644646800697504,-1.326760763087241,-0.5636211643403908,0
-1.218344934138209,0.6465382058306163,-0.995595391071459,-0.3693143392093121,1.3693828443415612,1
-1.0064899803463025,0.02599699004231359,-0.24779128664625166,-1.6721522564130504,1.0131614454692641,1
-1.472663086687476,-0.08698583163750198,0.24861602645632525,0.45535632942598897,0.6527525434867472,1
-0.8377763693379634,-1.65047831808313,0.8200030720942085,0.13196146352388177,1.1632402866101803,0
1.120081668698709,1.1558948284526507,-0.01671996340237563,-0.5723069886172594,1.0090082408129135,1
-0.15534804678877678,-1.0663244726876007,1.2817397634376946,1.341263085718802,-0.11676140640515811,0
-1.4497324925976058,-0.37804311914146743,1.1011726667521253,1.4082434414010667,-1.0265088175081598,0
-1.479804688365325,1.270474704430595,-0.3526382723676601,0.1532412232742293,1.6199470827981748,1
-1.4812137968440526,0.4991871092624696,-1.459495720173058,-0.42645127817794315,1.051430637100651,1
-0.21676633603464257,1.6740195309930264,0.24293249960370142,-0.6157641973166172,-0.9689183435893416,1
-0.5026369249856323,-0.4295430686892964,-1.4784234147440984,-0.44700024918525116,-0.12393049544413422,1
0.7801090256952911,0.5275135241323391,0.7684759981190354,-1.706176778359755,-0.9773774095921479,1
0.5697047785590957,-0.054204531930124235,-1.7009895215303392,1.0691283995727583,0.9441143480846275,1
0.17936716396015023,-1.4602614607127578,0.9712049712554813,0.29948768132652936,0.9757862808681743,0
0.8800815244110879,1.0200997675928511,0.09882239279829483,-1.246162521335215,0.5922699352856958,1
0.4276839269021233,0.8155223720388842,-1.1232759913982862,-1.0556507494872458,1.3511584057406234,1
0.8739844760804854,1.374459298078774,0.9438240620356504,0.34634538707174495,0.5333428853769759,1
1.3535277411346722,0.2651016417734272,0.5003642739312052,-1.189856108900165,-0.09041614570217009,1
0.7582577242172536,-0.7716585728591433,-1.0096301168847497,-0.6413351402090638,-0.8948843940696112,1
-0.9699728586490336,-0.25335889555684427,1.467320318499066,0.03227275076092514,-1.080339594919996,1
-1.4453490883312436,0.6602863895996202,-0.3758292165760407,1.1295625957883972,0.5519576545407897,1
1.0334196379133485,-0.7682797304271943,0.7108802410254822,-0.8148148555656494,1.5195797566876994,1
0.48248068667461724,-0.5912597493417101,-0.773522345976036,-1.0697641833996292,0.6735523994789786,1
-0.9568669307663206,0.3206551445993884,-0.7906424532605467,0.5722851335260188,1.0899377963770345,1
0.9706424069098287,0.8781533128681377,-1.0606438430914633,-1.4272233870192217,0.6884630589629164,1
-0.44120209647609765,-0.22811750967114203,-1.6102937108940076,-0.8304513906208313,-1.6142182018767754,1
1.3192648060641166,-0.8644222844726914,0.2368870218022055,-1.599450944227546,0.5773516178305181,1
-0.5973847618933392,1.3397417866566574,1.3980922118643386,-0.6013724039140257,1.3876794767825456,1
1.7223768196487452,1.0955795781039623,1.2462743822693074,-0.8672903411471969,0.2653363032184728,1
-1.4788318110892946,-1.3644379695937685,1.786965295566277,-0.5966710884760688,0.8588785159974031,0
1.0693417641203558,1.2053886604915767,1.7825269250866753,-0.8934779782585169,-1.5911162842766853,1
-0.2935507921520053,-1.246024267552067,-1.6409164756168542,-0.47888790451539537,0.9819413503922672,0
0.24057746621911458,-0.6307744251530071,0.5774220354154026,-0.9265192617956242,-1.6810030799454578,1
0.9235260512311998,0.41642882194614234,0.9564172732826075,-1.5995949294976908,1.1667082088774037,1
0.4244183314832468,0.2132023375538996,0.4730621828936921,1.2780738212340708,0.30075921743074674,1
0.29147720274831185,1.6521194240690982,0.9368551880565763,-0.19350037399393705,0.7177043826471163,1
-0.3692335974036793,-0.9133238162462289,0.3756032132762847,1.5003017280922586,1.4852130401602255,0
-0.5323270748411965,0.09291911239061765,-0.9766956404538567,1.7354283590331572,1.665123788371661,1
0.5277456984641962,1.0248547646826662,0.7907132513968309,0.33241157886566486,-1.5461296908253443,1
-0.14338883949157707,0.5883214994511561,0.6588290450168415,-0.43463049332859277,1.5286603989350513,1
-1.1338603860031535,0.0009231949883450979,0.7057024504456761,0.6948764866228939,0.5143274799796087,1
-0.7619047671379713,-1.1580429265606231,0.5128230302666125,0.35382914743044475,-1.10998311356241,0
0.719460188531114,-0.1512496685355386,0.624527917925923,1.1837214126277078,-1.1433066832399839,1
-1.6446335161828363,0.9396160759040145,0.420697449164302,0.7036045838698746,1.1702918152482151,1
1.0560595883396118,1.5519032503523844,0.16175508445197567,-0.03244123091895791,-0.3397446649361104,1
-1.1809565215656044,0.24422418873431684,-0.7471913076980041,1.4763369851135144,0.2877943655386432,1
0.33245218419465716,-0.48884167436961495,-1.5371340804719986,-1.6246740231571721,-0.2655077395660961,1
-1.419179425465714,0.3595295694619647,1.373009080004461,1.3425004023975575,0.5503469274498454,1
-0.9826577593039489,1.2221375774043768,1.390984323940044,-1.0497999146899266,0.8216428752859727,1
-0.7231990076868722,1.0188815092152281,1.781156436530882,-1.6306621188093169,1.37523614127734,1
0.4351165773316698,1.5938717592777527,-0.08722876014272268,1.2186540059997042,-1.5148188791811488,1
-0.5551625772312383,-1.458398469063257,1.7042949634739413,1.1126310015857996,1.2201078230493414,0
1.521832310102542,-1.3974890251210903,-0.36600394396723485,-1.487705528809285,-1.0011711468201512,1
-0.9201640214511243,-0.10432154985423325,-0.776856245175339,-1.3833237481113638,-1.1510506983390814,1
-1.2030657354512528,1.5928418783903155,0.9458502698728215,1.6382750365661398,-0.20872457372267156,1
-0.7512894560136131,1.0042422035257184,-0.5743296300285906,-0.6916848195883887,-0.9260171729191983,1
-1.263707606612597,-0.8204200686311538,-0.47229417098936743,0.6142050905430906,-1.514227787167148,0
-0.985155902823424,1.0403779467195824,-1.203873740843534,-0.5408746789774188,1.262028883457817,1
-1.1767029497625316,-1.4054589359717276,-0.01867413287590687,-0.6811008720404744,0.21932218524033117,0
1.0594849876366115,-1.22222274641019,0.3188989128667303,0.026866375267928337,-1.2320867815780252,1
0.4398308536056195,-0.7625737568905644,-0.00710240508476458,-1.4485319333404547,-0.14004080340289274,1
-0.6544676856188434,1.085360781798913,-1.5196189032735359,-0.2760714007369836,-0.1440303669272122,1
0.7879261909495061,0.24988289397566874,0.6226032734393608,0.97345413923646,1.2535282066096651,1
-0.6289241338523537,0.1277576462748307,1.2295529480645238,1.713885010923085,1.3480771701401086,1
-0.4304496922088906,-1.0268417558189495,-0.0016322852031235772,0.8500227574702935,-0.02587107419677867,0
-0.04545898783366581,1.1387344378763788,-0.4509362106230735,1.2619038018716155,-0.322723565920886,1
-0.5794445185596935,-0.1552304322636697,0.9569239577113864,-1.2960905903864415,-1.0509229116185592,1
1.568286085157422,-1.0930987371069047,0.273361588033924,0.28415238589495906,-0.03606313241258443,1
0.5113289601030315,-0.9101203505025955,0.220475801353904,-0.43793996459300566,0.5594218319281075,1
-1.2239223858251325,0.23839887585529157,-1.069251754000382,-0.7639853508139258,-0.9737693889249801,1
-1.0805101770909098,1.096573985408453,-0.7166673995613815,1.4966124474177744,1.6263874964939276,1
0.2580835493848755,-1.2025134672925528,-0.40479263137652566,1.0455548085233684,-0.45914594303500955,0
-1.4107298214611317,0.19094108024950487,1.2471502639608363,1.0392595407471377,-1.124634180454457,1
0.6078901247477523,-0.9415145905406774,-0.9536259436961665,1.3116736354017073,-0.8666116930941766,1
-0.8034003577692668,-1.68188240339187,1.3368370371720626,1.0276457047718726,0.44056794062265175,0
0.874976871231155,-1.1720453740507255,-0.11069966071600205,-0.5109849546218049,-1.4061960135754996,1
-0.035293913873124964,1.4165917730090294,-1.5790151062341733,-0.7193024427389373,-1.0124277387341887,1
-0.8899031055268654,1.3751532345791315,-0.07648827112911953,-0.10981704792869076,0.9017695247640442,1
-1.1781955363526935,-0.04317235133769507,-0.2101814101200018,0.34549265989369493,1.7289487264122134,1
0.9410863399116498,-0.3442338087545285,1.1854785886212167,-1.1402447177801533,-1.625338254746486,1
-1.00603511573799,-0.5377158748682127,0.07274886018791539,0.4090020083663585,1.421062717941644,0
0.046462795138540985,0.004008576478184129,-1.5432646062730513,-1.6136311459355364,0.17692727148184817,1
-0.200547068821282,1.1419335613956132,-1.155577537101566,-1.6482815125815253,-0.17654079817927468,1
-0.8922055208076252,-1.5170018407403365,0.8240563758663105,-1.3463203286328884,0.37477133110584304,0
-0.7420491894418229,-1.0998190242742538,-0.3865265433810376,1.058500080118383,-0.37364294674010184,0
0.8767133755124314,-1.2614962366651084,0.9931679287517609,-0.909385113108381,0.6138531677503297,1
0.23920195064448002,1.4448966002722146,-0.359948601363867,-1.5046812587785792,-1.6644788849833942,1
1.1389332265738443,0.08301223710533666,1.0018480921853044,-0.9181270189393563,-0.5363562260152088,1
-1.606866272751849,1.5538301106220331,0.6249046470641791,1.5178118236194276,-0.8118287470852666,1
0.39663280021270575,0.600827607948013,-0.60488574502341,1.221168466632682,1.5475916817954367,1
1.3388026702803744,0.8047925157824982,-0.7456040183274748,-0.753621573501796,1.6036601498961636,1
-1.6751683916124993,0.7272806654175527,0.7596313311097298,0.43535749438664556,1.6962437689813243,1
-0.635803017978742,-0.5391965787566021,-1.4425260551447978,-0.19174228046154215,-0.827224023211946,1
-0.5272217475265465,1.12641366575547,1.564371468329359,-1.0878687219983458,-0.441430508920248,1
1.4896628974807564,-1.4759371423313659,-1.3954112592959578,-1.1678446108145728,0.32940574431846287,1
-1.1920491479742816,1.5760025210843402,-0.15145323617906797,0.012954483176022701,-0.8770312538518092,1
-0.08757401734795217,0.5449716138225705,0.917361302337214,0.8926446798098913,0.26945075163712656,1
1.406020195320882,1.0686125265247852,0.937971341694726,-1.541492160981472,-1.7069745932966538,1
-0.9784690544196375,0.5503933048739367,-0.2761356299194528,-0.3325479916032454,1.3310047691740106,1
1.375703966607018,1.3776476502059676,-0.6177749626515954,0.6736816866288116,-0.7905877732935165,1
-1.053725898188287,-1.0623161606847256,-0.5186752819203166,-0.23650420334591674,1.1453506496846788,0
-1.2974389036219292,0.7908468887039444,0.1460274877814026,-0.7315576901510357,-0.02500398071092647,1
-0.6769419205944376,0.3232774516884036,-0.19663543152144555,-1.1622163397253302,-1.3272566055241855,1
0.17342765319489425,1.3548752229582863,-0.5121806351292617,0.8198991099322007,0.5490176123270476,1
1.49974088623142,1.0806455015159957,0.26942260517877137,0.5550697544146543,1.3787687066357248,1
-0.333777710171546,-0.583571856787589,-1.6816901949959289,1.1460169170430232,1.041621961657585,1
-1.3506368847912271,0.25853694959066625,-0.09083691509989027,-1.3215136852409723,1.663221199826905,1
-0.9707198274181269,-1.4576655386872746,0.3685664347682218,0.840349918474696,-1.6184857902800203,0
0.5594810229901063,0.10845855691345896,-1.3571311316085648,-1.133915854014816,0.23512606885558512,1
-0.6892947794519312,1.475780815552309,1.1545412162695334,1.6933737046109516,-0.8319925579892732,1
1.631279049224266,-0.23186347174881378,-0.4996793798338063,-1.559814510016553,-1.5481467028392817,1
0.6742184682563753,-0.14196521114645022,-0.9244393652145946,0.40496232298884577,-0.855573160027678,1
0.2800404575555577,-0.4744146246993283,1.1714337092249105,1.125606742902141,-0.07854686682775747,1
-0.5016079668493102,-0.4631296604166836,1.108814545179471,-0.5913018491630708,-1.0071720307711363,1
-1.418755664068361,-0.11245121808065604,-0.027120019865841685,1.1960675043141331,-0.9650162203035173,1
-0.3976277645501991,1.0382971075533816,1.171684302897764,-0.39458183635830424,-0.14163310072911428,1
-0.6654183458285082,1.4563806283501877,-1.3031440790122073,1.5197093712478418,0.6362590222394777,1
0.12130850033616573,-1.5741003981368338,-0.050064290545063374,-0.31392636680161046,-1.1727606842791785,0
0.5515270039446315,1.5863562667913411,0.25391868610734963,0.7562908263080828,-1.4938561557087642,1
-0.2712348095623022,-1.2922349726722073,0.43157440403211983,1.5362076425026001,0.5598042072299066,0
-1.4459301952219492,-0.4897120480965736,0.21345871338893668,-0.32975398104023307,1.154678191311338,0
1.0969321108523642,0.3763138602623211,-0.40862011816955185,-0.8452322547069795,-1.3643224023987148,1
-0.4875522643586656,-0.2926867195575128,0.6528307012094547,0.559006574644993,-1.4881184686751963,1
-0.34845681835917003,-1.0719258850293576,-1.1691521987660651,1.1486351594610462,-1.5857015232343359,0
-0.26601073891987054,-1.117641644482999,1.3672420736847117,0.2065055900404085,-0.9299123227674568,0
0.02086860549462268,0.7792641010228488,1.643826245901347,-0.9668597607083789,1.3365250780478726,1
1.5092152598374329,1.4020467912969004,0.5109766152149763,0.4602164901545025,-0.33516391736379214,1
0.882324640402205,0.10509818067183219,0.6585006639714565,-0.24173219923481407,0.8011189089667398,1
1.130706927340548,-1.1909453412764182,1.2043533394804022,0.14813622517940817,1.1928278552095855,1
-0.22424646815887372,-0.4076294416072923,1.4926738825499983,-0.859758748497632,1.1912578834397711,1
-0.04256515724596731,0.04718041216781618,-0.6367660222745687,0.26228732438025815,-0.6051402985849239,1
-1.5752797115769657,-0.7681027098899498,-1.6972488510698553,1.67520325851004,1.6119217961469252,0
-0.34881528811575574,0.7687723533039531,-0.5056917941403813,0.604092053333772,1.05702229623806,1
1.5521281591810798,-0.3363315112818297,1.0301213789545642,-0.8083083725371971,1.6970172143474058,1
-1.6218031736932481,0.3483554007318225,0.5955501490789841,0.6631879631734137,-1.3140882247512788,1
1.5237778859849855,-1.0739315823613924,0.46653039793962564,-0.9590857402747943,-0.6674249198172065,1
0.17261041314971395,-0.27914596846995104,-1.1571712448381755,-1.139449775553834,-0.28347291448392054,1
0.8991598021684176,1.3398948769719845,-1.4243126955842005,-0.3649759038813048,-1.3838049887904675,1
-1.6534296287701455,0.54431510198699,0.3952534387753233,-1.1670493705350364,-0.921493855995194,1
-1.6289087651351066,1.1276779113958724,1.7020042339378512,-1.263121801573846,-0.9295849657750038,1
1.2821273802328101,1.4358683608047869,-0.24654252752367958,-1.5588630252217903,-1.5944356095830563,1
0.26735182562680737,-0.36097273662674884,-1.6190582422203852,0.29787995835471814,-1.6916599881655678,1
1.0028533317302655,-0.6521423505644732,-1.5783169250467515,0.31565791401443666,-0.3542916008358653,1
1.6453285705840186,0.1485557437498806,-0.7534166208519819,0.7377648358057197,-0.7910764296811728,1
1.405618766151488,-0.42217243329235443,0.21066851328036323,-1.5590351231647093,-0.2558643427490578,1
1.1579046464339149,1.0290128831006362,-0.9321732220465513,-0.9472229419743794,1.0981256980433909,1
1.495755342028413,-1.362946179157044,-0.1397137463716114,-0.5589699953590967,1.2828986708066432,1
-1.4227651011703752,-0.9730969392114396,0.921894055996147,-1.5565226122019897,-0.02598768420289263,0
-0.18700882706185265,-0.5579563665828705,-0.3344982223833546,0.11203549701213136,-1.1722465264251547,1
0.2606179353107947,1.0282838802651613,0.9488988642199753,-1.1988388493348952,-1.2141896974868671,1
-0.7864207119525282,-0.46813076946800913,-0.2857610830234512,0.634085726173061,-1.5345952640987857,1
-1.5911210291586193,-0.3642882846718651,0.7277473620491521,-1.0610186765760794,0.4896332006725127,0
-0.8151837351791513,1.2998928195895216,1.4246728228288301,-0.6989920468468993,-0.9347126842835083,1
-0.29316324961479023,-0.874070762745611,0.640757820917573,1.1443213672376675,0.5989662892591596,0
1.1302896911129119,-0.3471755368952179,-1.1708924727417334,0.8371576930717506,-0.4830847954327054,1
0.602742184422389,-0.7726646619928023,-1.4344862071282733,1.7247984785442683,-1.1901268813073826,1
1.695714446531761,1.6069963166836791,1.0670522133571312,0.5634098612991268,0.26915978961152104,1
1.2741735564412755,-0.7093688377898968,-0.07784978773975,0.4238552183117449,-0.3075436019307147,1
-0.23739470295142487,-0.5718190934799013,0.26109064758768324,1.2297624552671962,-1.0332387697993952,1
1.509659563546653,0.6364826018471006,1.1704542321487508,0.20354312311812786,0.9673294667280431,1
-1.6547808377748212,1.0718877696387628,-1.5787351792229565,1.3668973173975392,1.7026606040758059,1
-0.6971871665089135,-0.9758158859285293,0.9671619841905524,-0.8532850078694463,1.2651559985475456,0
-1.3561919514996847,-1.2599171746744868,1.7176644094035347,0.6136636817502642,1.2005164065694016,0
-0.5928976622141756,0.5940378078243129,0.3664406466831432,0.3672432537888934,0.6316417272003437,1
0.2722086211682326,-0.23917619717950886,-0.7510171505210457,0.9439349272012626,-0.9475931564499543,1
0.6754006979965903,-0.8983132504162172,0.47557612519558407,0.8689754453843153,-0.9737552372737049,1
-1.5040327539749825,-1.2430167624281976,0.4077070094286434,1.2258298331252013,-1.5750352867918245,0
0.8194425893464947,-0.5346611673311632,-0.039770893325364286,1.5026633185738514,-0.5817411089724087,1
-0.10695326333996756,-1.6380059798659268,-1.4331905353012955,-0.8338845970047428,-1.6343771482376113,0
0.4652531388963409,-0.24814750161334315,0.2046186660546617,-1.126514018619434,-0.7064831264554198,1
0.5770803522126194,1.5666619760637166,-1.542654609355232,1.3685390255498957,0.2659551851136543,1
0.23278511240721245,0.000650719809365894,-1.4760348450741663,-1.422022620829539,0.34913206244621287,1
-0.5355896432791036,1.4049008988818372,-0.29230831125797585,-1.2358546540214062,0.7430471566755367,1
-0.6996479147447574,0.08548630413195173,0.730096211121924,1.402979883480179,1.0111991918383938,1
0.6202843286976203,0.6046438095230101,1.601021496648019,-0.7040924235900256,-1.726931765364661,1
-0.7733933040246483,-0.9503137144527183,0.6037247004231743,0.47378028965320984,0.3233435144411242,0
-1.6546324918285418,0.770143636719423,-0.5838904832858273,0.5830465411494758,0.1956819966259485,1
-0.5294817046959187,-1.23088493477807,-1.3881853628158614,1.1633327357788064,1.4480322546990694,0
0.5287075998947978,-1.335758965358988,-0.30832782599720365,0.8057428252144828,0.9683823219415658,0
-1.3032026231179226,-1.683979307711164,0.7803112489135157,-0.4922415190748548,-0.8499547954797171,0
-1.6661634840784627,0.1354246453353744,1.2683181427238086,1.6029625810698434,0.2274097188514209,1
0.062340670921681565,-1.3976476407790392,0.20717289822131627,-0.4107289351803655,0.370672440057416,0
-0.37097092375897295,-0.874853598766941,-1.3862673069709417,-0.6375297059214067,-1.3962680518738941,0
-1.1009836373001498,1.6408615725650308,-0.16061903514051765,0.11876757117952513,1.2930404181339175,1
1.7203477727493213,0.27826115959299846,1.1325430193430803,-0.5956191039233885,-0.6725214861904784,1
-0.32280168842131757,0.5806466266390888,0.6751882173714701,-0.6364107375339664,-1.2697067454362845,1
0.46877149940063867,-1.2519337419095367,0.3111527372072095,0.6819306399761909,0.6942179859536572,0
0.8860266778337345,1.255350747093571,0.03546120310294318,0.8103094362530469,0.41233720751059566,1
-1.06740706144403,-1.597570540216037,-0.7207612758513307,-0.19092108633505134,0.40518350538039277,0
1.2185437796154046,-1.0232074533734674,-1.2789005141632508,1.623349705062588,-1.35681063207231,1
-0.06162109145217098,0.2878563673259311,0.18084986878198922,-1.4354251910674445,-1.5333960001498095,1
-1.347091027016158,0.28793703823462546,0.191277678052383,-0.9205142532166731,0.4767215236816969,1
1.1155296791112475,-1.5440618266309523,0.029040337363720584,0.6675972361247552,-0.8574636700645704,0
-0.6499619568192637,0.3823987027477445,1.4325551104008634,1.0880565550989783,0.28758466444810504,1
0.8059004883165657,-0.4555099010765942,0.5304639753531224,-0.11022777367840395,-1.0733625392476318,1
0.707740004232899,0.18986252983674212,-0.46070310031439576,1.4415875061892662,-1.6583225750881567,1
-0.6223843808722994,-1.49252947488502,0.9712480334088315,0.7122076064222185,-0.583884619229946,0
0.6178782895964622,-0.35072812987813096,0.9351828736239701,-0.15205244127377118,-0.30377341698265947,1
1.5106826689032165,-0.8392245656780002,-1.29681264019629,0.3023793996585765,1.6242944269749446,1
-0.40849048645257324,-1.4751683114144238,-0.5285129306995927,0.028340579602324913,-1.1703232830268857,0
0.5573601421307252,1.6759290732980348,-0.13381317766505046,-0.4987520225577877,-0.3438394506942859,1
-1.3137909698575554,1.2904214451181453,-0.2633989682466326,-0.3852974735834846,0.5525789656741688,1
-0.1872625169326383,0.49890241768775334,-1.5039355442117677,1.1012995670638452,1.5245483043733643,1
0.5251832767667883,1.530504842979018,-1.188040035511068,-0.07106406754797726,0.35222895025085293,1
0.2941868611022825,-0.33212369545999304,-0.532798746683938,-1.2932251244989232,-0.37485828652975145,1
-1.1500446279407595,0.7889604622322548,-0.9865424499450104,-1.5311743826649271,0.18110216065722312,1
0.34068712947697005,1.2521637927459743,0.30584874467003753,-0.5309894298566716,1.0486524089392721,1
0.15131392615263212,-1.4170991858516684,0.2667732393720299,1.4300117695741064,-0.35903971988785793,0
-0.6894044095722445,-1.200936308758348,-1.1879936704157756,-0.22669509746279942,0.3310221185465456,0
-1.4327919386269645,1.4799999368298895,0.9312505082220663,0.3096330667611813,1.1366611544361853,1
-1.4342691592344874,-0.07828445896603405,0.4922964626906973,1.1533438837340246,0.9810113407186902,1
-0.7557669074627202,1.4844168035884895,-1.2831269695138419,1.315375218369304,1.6298962603769356,1
-1.1000994299353635,0.7475403989951467,-1.578220331071796,-0.3220322709370683,0.056210051420157926,1
0.29042557211051884,1.4677710664333845,0.6402903774237051,-0.05760200178131806,1.0717153242041089,1
1.5651431076414974,-1.609772993243842,1.7294937853981958,-1.4350766546314146,1.088023894824511,1
-0.7445132353047303,-1.2389557347767637,-0.17553132817578057,0.5094941942345397,-0.41220738480595326,0
-1.522566205937126,0.33465716261757544,1.4482399422330468,-0.39944726864178176,-0.981996884021271,1
-0.1853880265551321,-1.5212169273617582,1.1606752976458345,1.14528394132526,0.3044418494742696,0
-0.4937375382469228,1.0092604772506346,0.2275837011815555,1.143859905729909,0.4548624538261546,1
0.9926301438805721,0.3316325727761873,-0.2658022087165621,1.604057926965028,0.14215497272979732,1
0.3746662140722817,-0.9415705734432844,0.4767016583250114,0.2572864923649151,-1.0910071409274655,1
-1.5052603130068554,0.3511522295278808,0.9612956148952481,0.08923985038309631,-0.9458618500867886,1
0.5863765625858107,-1.4143194349015935,-0.16858734012277096,-1.165837484726589,-1.092320159378346,0
-1.013459752854763,-0.3818115641359261,-1.540079899755137,-0.3486282338523243,0.04037183469267635,1
-0.04506811079024155,-0.3950224774829158,1.2261777109239864,-1.2287249881642825,0.019567223802376067,1
-1.4968021644282687,-1.4444595347948612,0.29491087443685676,0.23780250703081954,1.3083218288681222,0
0.21194958426122,1.548100814069925,-1.5486994195612354,-1.3936786119069382,-1.5782575808415733,1
-1.0721045805436626,0.13869357996393392,0.5466356098816154,-1.576423056433928,1.543470798137595,1
1.1916840260567274,-0.685213240678572,-1.4486759959691642,-1.143107727462973,-1.291393309934776,1
-1.2857469297001618,0.062220902238221236,-0.8565961787592515,-0.4868607509934569,1.6941548542158673,1
0.6476928157267705,1.5116959657546103,-1.219198346310156,-0.4031978151340177,0.189290345428472,1
-1.4460852287684853,-1.6699811588820792,0.6339140771387008,0.502044413581153,-0.3089338721981594,0
-0.02318527360713641,-0.2850406602221423,-1.6353728571276047,-0.5662301733253083,-1.1178531718839835,1
-1.371418782380517,1.537760334657688,0.3844070022555,0.8047565831088229,-0.6392249001322312,1
-0.35573589580985243,-0.8862196545634159,-1.3792449272814251,-1.111229861013685,1.029622964769883,0
0.6243672053488707,0.15774998600841603,-0.05184172082140625,1.4802648999610135,-1.4790264010498801,1
-0.7435963291225691,-0.5056352016072421,1.0270596277221322,1.724564305978777,-0.8977576323423209,1
1.3024525875966935,1.113114948593275,-0.930983730097288,-0.34326280856732105,-0.3127964338486372,1
1.6605617842723144,-1.0749128231747873,1.0857977916707773,-0.5703397801073813,0.7989517504507677,1
-0.263156818434133,0.26359635758805955,1.2032372047355995,1.0679812386275702,1.2681354529818878,1
-1.5051561404112759,0.6464604347366099,-1.2282174345126797,-0.2857928072423731,0.1680264775353454,1
-0.32267843832381143,0.06575682943691191,1.7786583993523732,-1.263966189000716,0.6071484132248771,1
-0.3459009189736398,-1.236160158927251,-1.1623978021363246,1.5738247877090137,1.313749029718425,0
1.4152636217988372,1.6549940628997837,-0.9883522699138114,-0.4962742478307246,0.5855604772449345,1
-0.04331654778842404,-0.27511794302794185,-0.4635477691031734,0.3345813045023048,0.26149786824868776,1
-1.1541903766728865,-0.09545594073212567,0.22331757684553452,0.2526825068789315,-1.00354525539311,1
0.847426431824905,-1.5992225121275627,-0.47400691679457413,0.9844815930427843,0.22099936183121424,0
-0.8105854498907471,0.6562350908000182,0.27218074950194454,1.0403653748009862,0.8133327360566085,1
0.3919607841579847,-0.04010002666955042,-1.2521072358656218,-0.8243280086633492,-0.2801685017165014,1
0.354711747444463,0.04587517655642609,-0.7079720492734375,-1.712797804591363,-0.013167724472412387,1
-0.7262784217613827,0.7897775213581738,-1.6355792025430733,0.30337185441951636,1.5279067123650938,1
-1.1095567662551091,-0.09576019169139155,-1.3987059864784268,0.445788873150595,0.17475262607507566,1
-0.30673604472540816,0.07170179157087368,1.4277786078146968,-1.0510523706623562,-1.6526793569219198,1
1.2588838056030567,0.25941151719175354,1.4070098053886837,0.34561304114753433,1.0733976827253668,1
-0.22985811176560764,0.8411387747200242,1.4855852602005617,0.25908287304516203,-1.1050364865802644,1
-0.7842728587826254,-1.0151290734629408,-0.8530520350750019,-0.6671710688136582,0.19068171499560202,0
0.3157429646348358,-0.24780606008268038,0.44078925841666156,-1.4509630586500892,-1.4269230433042885,1
-1.1184473723512787,0.060590346261973495,-0.968415154068437,-0.7478056811106433,-0.3451939481116246,1
1.0872658482883772,-1.6374007525373142,0.5599987972569587,0.5963649154056765,1.0335748073994377,0
1.5038695544493987,-1.616266718005891,-1.1797854881229326,1.3538524530258973,-0.14372875940484928,1
0.23509778113187135,0.5487216657530805,0.6642176222355081,1.5127059471750535,1.719920769290225,1
0.7712167497147604,-0.7168392066378573,1.3687241577851523,-1.5637488425223078,-0.9309499516058625,1
1.381985992642638,-0.8213345264322962,-0.9450479605993131,-1.2538289995657794,1.242828702287799,1
0.012704391439540118,0.5886814979116941,-0.8804010519794175,0.9071894126056387,0.8997962687476538,1
-0.633326594882366,-0.30107163108906515,-0.9835257341806144,1.668950214695044,0.5038177783877997,1
1.5100415503843343,-0.6624043400480583,1.025181866577128,0.9344436653582268,0.6632194737555737,1
1.6172023820113544,-0.3587493614277851,-1.2607599117981971,0.6062383853721663,0.7935502964243453,1
0.2711795781808121,-0.9876046875381925,0.05124772358250005,-0.6470419568845451,-0.2512079426750184,1
0.5129601544887052,0.8254956795604343,-0.904418783218786,-0.32237203125700753,-0.7991426606924289,1
-1.0260810007305305,0.9540449693114005,1.472284792583864,-0.4447065151656398,0.8695911603502919,1
1.380640487815729,1.1653174919163758,-1.0778769243825526,1.5982921734890332,-0.42700567446431215,1
-0.5415099562726243,-1.4738395824342458,-0.012932159674050977,-1.3553120385444928,-0.8705199125997043,0
-0.6183541170941182,1.0397134644463393,1.3537562770912175,-0.6809377061189237,1.241396998887452,1
1.2436034055896203,0.8909488770188413,-1.2046699547517876,0.6711265744830539,1.5401935891110168,1
0.6415799967111188,-0.5673328507383031,0.037638852691447955,0.5156590430739602,0.03643624847583405,1
-1.297225760330834,-0.6331786983984141,1.0971649839147524,1.2675628591788402,-1.2555498135823777,0
1.5715321808448188,-0.5767426786858906,0.6054067669082742,0.8855230211502648,1.0795765337437697,1
1.5486593828575383,-0.6302977129546677,1.2941403596144696,-1.2762731666293419,0.7095493283212976,1
0.846414402638041,0.5982119088116593,-0.8338927752901955,1.3080878536519887,-1.1463178595709738,1
-1.5257733248594807,0.7320458651297828,-0.050487223036827567,1.2246153618148319,-0.4037435778778687,1
-1.1306844916117964,1.1327124153563488,0.2073021901027473,-1.0757977107064425,0.7626557696238693,1
0.0508037655262228,0.3509961838674965,-0.1016610355275159,1.1535393700774814,1.1405517662708726,1
0.7341055481312971,-1.3291340298135912,1.2251500269027555,0.6038125586100417,0.6818013004572604,1
-0.4596889582135197,1.2769711343487218,0.8267710888221171,-1.3428431693725458,-0.31935495126762853,1
1.3440590120325993,-1.5251435699206903,1.65540600310294,0.6322219463903477,0.45457580973483097,1
-0.7782018380518664,-0.8462537758566753,1.5874484317377104,-0.6955574746081222,0.9534449494953174,0
-0.35582319323774025,-1.2151320053590442,-1.6820264510806613,0.1619435556240193,1.6466438086370876,0
-0.43848309028721727,-0.4812050788685046,-0.511710469968637,0.079278514576907,-0.20552499505656907,1
1.3217766046413213,0.018304495497147206,0.0628390155573698,-1.2529703945308879,1.6707366830004764,1
-0.8491471782015435,-1.4370225853560687,0.6083292901490204,0.34010917327339674,-0.29385369955275187,0
-0.25563980072852094,0.9596914126233244,-1.0325941633317075,1.1240630003997285,0.5147018399839001,1
-0.2667451377377067,-0.14162972449455796,-0.818683656339335,0.8865311234569091,0.04441214759569594,1
-0.604872739667876,0.32317022935207423,1.7758785900195333,-0.21801220799278673,1.4559718975300662,1
-0.5216039187613488,-1.4997653867907879,-1.0026515126956477,-0.2757650922732508,-0.9705672788499812,0
-1.7098286989248486,1.3972681568675238,1.2427921938340267,0.8522913693247934,-1.149930957842847,1
-1.2958106196824102,-1.456417612584495,0.8220585597906436,1.5024834792464925,-0.2405843204872224,0
-1.300025028239671,0.04144667830983719,-0.4950697059150656,-0.42869627058207455,0.4198062230530662,1
0.7662564273421116,-1.3116150757616056,-1.5947031170910777,1.7308937584926125,-0.9252475383978392,1
-1.5250987826881803,-1.044660313144455,-1.5828811188003529,-0.36948333505971487,1.0465407039445787,0
-0.5346044409766464,-0.1882547276316265,0.6520016923669546,0.03866753355639004,1.2509070367160111,1
1.2739465521607964,-1.650707587607121,1.0116853937563233,-0.12921941960607997,1.69185383555065,0
-0.045282497593393096,1.6393791145987366,0.9292696893859348,-0.8686981637327962,0.1327443394855326,1
1.7085159674257195,1.203729572163358,-1.3778364364660023,0.7270737628872774,-0.5346399932998211,1
-1.6865486479746108,-0.32532388966476977,-0.8955381752336854,1.1192382203709257,-0.563191852829736,0
1.1412254274634674,-1.6820691427986545,-0.6390447951792173,-0.8946327857285233,-0.9223434986526328,0
-1.47562438532767,-1.05392475352248,0.23061166162961041,-0.7196504863441111,-0.28606888015869664,0
-0.4118413704142687,1.2656067569479033,1.4584053636552683,-0.016889044369958032,-0.5880252160341978,1
-1.3425513897618426,1.5265881680673417,-1.508216049824991,-0.6977263767207812,-0.6990962018271435,1
-0.6064347659594554,-1.130831866856631,1.02964201369659,-1.3083060803534294,0.46679641869109156,0
-1.2838092961097245,-1.4465475802250845,1.4729054806083814,-1.0725453722062255,1.1117798256039355,0
0.16631184076999717,-1.421893844079958,1.6344538643727162,-0.8744281481848374,1.2446755884136171,0
-1.128853105724404,1.1916475798076904,-1.673202767930054,0.04872945024440797,0.9324603047180859,1
1.5109087484652233,1.3777381446253356,1.1576467409914983,1.3608943482151301,-1.041229755143844,1
-0.7312468261686131,-0.7109549620168987,-0.39599642693559994,-0.36422027067194873,0.15406690046015575,0
-1.1596287704382902,0.6437532645473919,-1.1314009158668628,-0.6535999925787271,0.011427677669116013,1
1.0341058200503301,0.8061471538301161,0.5465028253402593,-1.192308348011341,0.1626855120148188,1
-1.4092504120167653,-0.41327793085125947,-0.26799464612461726,-1.5965501858271813,-0.7824367876232795,0
1.582776245017541,1.527361799512268,-0.48280000977301846,-1.5850859143050318,-1.1108867482052118,1
-0.3589386011413073,1.5076515931369558,-1.2239638137290088,0.9262766854341398,-1.3546024170125983,1
1.6710276691398438,-0.39895448105304276,1.0018146970692445,-0.5410631445761608,0.4417445687243067,1
-1.0488796322374747,-1.19234369067667,1.5734272332356762,1.4635774421083514,1.3409803022776108,0
0.4447760710471729,1.0378339705892479,-1.4772886149091942,-0.5682609871897427,-0.6449727336219682,1
0.47996852467530216,-0.4853625737316648,-1.198310104186768,0.3439462216354995,1.0880140004659422,1
-0.393725871876733,-1.238655826067532,-1.0291694743899766,-0.9074678869903741,-0.6927572773811786,0
0.5046081989388582,0.339655829023652,0.7239425800016327,-0.4716539250133895,1.121289629948048,1
-1.0072782096843278,-0.10454537183554281,1.0920491075813328,-1.1073011135446587,-1.350516141421953,1
1.3347666185934484,-0.5292359216774012,0.6810803577255251,-1.6469674957377227,0.6576511241160637,1
-0.6212534651799113,-1.4963703611971377,0.42110233703035205,-0.8958926166375618,-0.3919403295166415,0
-1.4329111536405739,-1.1884971211918436,-0.6735947891745807,-1.4224317059456009,1.4218260902262392,0
-1.6897716262193248,-0.054639453998147916,-1.2869828388413784,-0.6627660309982492,1.4745524951446332,1
-1.1533745879530062,1.5684454390654676,-0.9972022740877015,0.8497601111808526,0.1614114887108758,1
1.3375055436231529,0.1815399266577922,0.15692513555509652,-1.0539677115130388,-1.155417864494559,1
1.44782080892474,-0.5800577992129939,-0.4134494719462161,0.9134057617775265,-0.5580246282710795,1
1.5704145487740782,0.8009561327801633,0.37763005276075073,1.335459900319491,-1.559082034959246,1
-0.824714095860883,-0.11803059788249266,-0.9228353727798466,0.8579141184044096,1.4508375682808137,1
-0.25020204330095963,-0.5319201026483894,1.6558768043785002,-0.18458102258322426,-0.03805703176050243,1
-0.4987449668813751,1.3789044653235016,0.2776730566373944,0.9216010777055925,1.0790936315103923,1
-0.5325208776511076,-0.22357764373030564,1.2589136628474276,-0.46902769410409983,1.0172354180537655,1
1.5322643608395599,0.41463486651404213,0.8838366012294095,1.0712293002664603,1.1941214660926305,1
-0.34916666434882376,-1.5114483941717116,-0.3088577199865235,0.6133755001716311,-0.17200094693281584,0
0.8704877676349579,-0.48191195144869065,0.5086238259950404,-1.085474777627973,0.862981925624394,1
0.16998241188657512,-0.9968773647116025,-0.6948896708729487,0.8743105501584434,-0.060372349505656314,0
-0.9661172055352986,1.573290966875353,0.7908005171589684,1.6012306929843398,-0.25245912888609956,1
-0.07330632313347527,1.3398631183572318,0.12354075101707464,0.7302352605373709,-0.8579449568831632,1
-0.17108919733614547,-1.268354103267395,-0.9965505194489107,-1.7320437592492677,-1.5948744352828683,0
1.6573332002071783,-0.8679346417152859,0.608906628050584,1.1897613065673873,0.1751983625146655,1
-1.1828400333398277,0.7679155809012465,0.3875372583946646,0.8138003067721313,0.9335126782955485,1
1.650876842654461,0.24744376446255792,-0.5203129566355446,0.525208962012881,-1.4938898798905573,1
1.3820259718610657,-1.2820563408328738,-0.568751734495802,1.1083483690416434,0.33667281404150623,1
